{"name": "Glenlyn_Hotel", "price": "$91", "img": "holder.js/250x250?theme=thumb", "rating": "4.5", "ratingNum": 37, "reviews": [{"user_name": "Claudia M", "user_wrote_time": "Jan 2020", "contriNum": "20 contributions", "helpfulNum": "25 helpful votes", "currentRating": "5.0", "title": "Great hotel! ", "content": "Friendly staff on arrival, spacious hotel, big rooms, ours was airy and bright, very clean and tidy, everything worked properly, breakfast was fantastic, lots to choose from. The location was great very close to shops, cash points, coffee shops etc. Convenient guest parking was a bonus. 7 members of my family all stayed here and we enjoyed it very much! Would return:) ", "time": " January 2020", "helpful_vote": 1, "polarity": 0.979, "keywords": "['spacious', 'hotel', 'breakfast', 'airy', 'bright']", "matchKeywords": ["spacious", "hotel", "breakfast"], "categories": ["emotional_descriptions", "facility", "food"], "userImg": "user-img.png"}, {"user_name": "krcb197", "user_wrote_time": "Nov 2019", "contriNum": "278 contributions", "helpfulNum": "98 helpful votes", "currentRating": "3.0", "title": "Good value but needs TLC", "content": "The good things about this hotel: - Location near Woodside Park which is convenient for getting into town - Friendly staff - Breakfast and bar area are all furnished nicely. The included breakfast was good.  The main downside is the decor. It was clean but there was paint missing and bits pealing off the walls and ceiling all over the place. It is clearly well overdue a referbishment. It was OK for one night but I didn't want to use the shower in our room. There was only one usable socket. Only one bedside light worked. The furniture in the room looked like it had had a hard life.  However, the price reflects the condition so for one night in London I would stay again.", "time": " November 2019", "helpful_vote": 1, "polarity": -0.39, "keywords": "['breakfast', 'hotel', 'shower', 'bedside', 'furniture']", "matchKeywords": ["breakfast", "hotel", "shower"], "categories": ["facility", "food"], "userImg": "user-img.png"}, {"user_name": "Paul W", "user_wrote_time": "Oct 2019", "contriNum": "101 contributions", "helpfulNum": "52 helpful votes", "currentRating": "4.0", "title": "Very clean and pleasant", "content": "In a part of the country where a garden shed could sell for 100k, trying to find decent accommodation on a budget isn't easy. This is where the Glenlyn comes in. It's very reasonable prices, great staff, clean rooms and included breakfast make for great value. My room was small but fine for a couple of days, with a fully functional ensuite. Decor wise a little worn, but I don't plan on staying here forever, so not a worry. Everything was very clean, and I had two perfectly fine nights here. There were one or 2 minor irritations, such as the heating not working, and being very noisy when it did, and my loft space room was a bit cave like, very little natural light.  The town itself has plenty of eateries, so all in all a pleasant trip.  The other massive plus was the parking, which was always available, and free. ", "time": " October 2019", "helpful_vote": 0, "polarity": 0.277, "keywords": "['breakfast', '100k', 'eateries', 'nights', 'budget']", "matchKeywords": ["breakfast", "eateries", "nights"], "categories": ["food", "facility", "time"], "userImg": "user-img.png"}, {"user_name": "Stuart", "user_wrote_time": "Jul 2019", "contriNum": "1 contribution", "helpfulNum": "0", "currentRating": "5.0", "title": "A little gem", "content": "My daughter and I stayed here for just the one night whilst visiting London to see a concert at Wembley Stadium. The room was excellent value for money and the staff were faultless. Breakfast, included in the cost, was particularly good. I will certainly stay here again next time I visit.", "time": " July 2019", "helpful_vote": 0, "polarity": 0.783, "keywords": "['concert', 'breakfast', 'daughter', 'london', 'wembley']", "matchKeywords": ["concert", "breakfast", "daughter", "london"], "categories": ["surrounding_environment", "food", "companion", "loation_surroundings"], "userImg": "user-img.png"}, {"user_name": "GDP52", "user_wrote_time": "Jul 2019", "contriNum": "4 contributions", "helpfulNum": "1 helpful vote", "currentRating": "4.0", "title": "Very Good 4 nights Stay with two children ( two rooms )", "content": "Quiet hotel with nice garden. Very large room for the children (usable for three persons)  Smaller room for the adults. Beds confortable.One bathrom needed modernization. Breakfast correct. Good service from the staff. Easy to visit central LONDON with half an hour tube. Station at 5 minutes walk. Space available to read or watch the tv comfortably Several families with children . Free parking on the front of the hotel. We recommand GLENLYN", "time": " July 2019", "helpful_vote": 0, "polarity": 0.233, "keywords": "['breakfast', 'beds', 'hotel', 'comfortably', 'bathrom']", "matchKeywords": ["breakfast", "beds", "hotel"], "categories": ["facility", "food"], "userImg": "user-img.png"}, {"user_name": "Matt T", "user_wrote_time": "Jul 2019", "contriNum": "90 contributions", "helpfulNum": "15 helpful votes", "currentRating": "4.0", "title": "Good value 30  min from London ", "content": "Very cute place. Quiet/charming neighborhood. Clean. Relatively modern. We are a family of 5 and it’s challenging to find a big city apartment/hotel on Expedia or Air B&B. We were happy to have to space here, but it is a trek into central London each day and back. That issue is the only reason for 4 stars. Otherwise, great property. Less than 5 min walk to a very quiet tube station. Breakfast is the same each day, ok, not great, but very convenient and included. Timings change weekends/weekdays and they don’t make that clear so ask. Property is completely inaccessible for wheelchairs with no lifts/ramps and many stairs.  ", "time": " July 2019", "helpful_vote": 0, "polarity": 0.153, "keywords": "['breakfast', 'weekdays', 'weekends', 'london', 'hotel']", "matchKeywords": ["breakfast", "london", "hotel"], "categories": ["food", "loation_surroundings", "facility"], "userImg": "user-img.png"}, {"user_name": "goingwhereicanwhenican", "user_wrote_time": "Jul 2019", "contriNum": "166 contributions", "helpfulNum": "40 helpful votes", "currentRating": "4.0", "title": "Great for the price", "content": "We stayed here since we wanted to stay close to some relatives living nearby.  The tube station is about a 7 minute walk. We were surprised at the size of the apartment room.  The main room was very large with a wonderful sized bed and closet.  The sofa bed which was in the lounge was not the most comfortable but the size was also very big.  We didn't use the kitchen facilities but it seemed pretty complete for somebody to cook themselves a simple meal.  The breakfast served in the main house was simple and buffet style so you could eat as little or as much as you wanted to start your day!", "time": " August 2018", "helpful_vote": 0, "polarity": 0.026, "keywords": "['breakfast', 'kitchen', 'closet', 'bed', 'sofa']", "matchKeywords": ["breakfast", "kitchen", "closet", "bed", "sofa"], "categories": ["facility", "food"], "userImg": "user-img.png"}, {"user_name": "bev", "user_wrote_time": "Jun 2019", "contriNum": "79 contributions", "helpfulNum": "31 helpful votes", "currentRating": "3.0", "title": "You get what you pay for ", "content": "I would genuinely reccomend this hotel if you're only staying for a night and you'll be out the majority of the time. It's one of the cheapest hotel/guest houses I've seen in London so what you get for the price is fair.   The staff were really friendly, didn't speak much to them but they were full of smiles and nothing seemed too much bother.  The location I felt was good. A 5 minute walk from Woodside station.  The down side is that the bed is super uncomfortable which is why I wouldn't reccomend staying here for more than a night. Really hard mattress, felt like I was sleeping on the floor. Also the rooms really need some TLC, bathroom was very damp.   The flaws didn't really bother my husband are I as we didn't spend much time in the hotel but thought it was worth noting for", "time": " June 2019", "helpful_vote": 1, "polarity": -0.2, "keywords": "['cheapest', 'hotel', 'night', 'mattress', 'damp']", "matchKeywords": ["hotel", "night", "mattress", "damp"], "categories": ["facility", "time", "emotional_descriptions"], "userImg": "user-img.png"}, {"user_name": "george l", "user_wrote_time": "Jun 2019", "contriNum": "61 contributions", "helpfulNum": "37 helpful votes", "currentRating": "5.0", "title": "Spacious Apartment", "content": "Polite and efficient staff. Comfortable King Bed. Well appointed functional bathroom. Apartment serviced daily. Peaceful sleep, no disturbances. Enjoyed complementary breakfast. Public transport very close, short walk, including tube train to London. I recommend this hotel and apartment.", "time": " June 2019", "helpful_vote": 1, "polarity": 0.885, "keywords": "['breakfast', 'bed', 'bathroom', 'hotel', 'polite']", "matchKeywords": ["breakfast", "bed", "bathroom", "hotel", "polite"], "categories": ["facility", "food", "emotional_descriptions"], "userImg": "user-img.png"}, {"user_name": "ilivethedream2017", "user_wrote_time": "Jun 2019", "contriNum": "10 contributions", "helpfulNum": "7 helpful votes", "currentRating": "5.0", "title": "Excellent value hotel minutes from tube station.", "content": "Lovely welcome from staff. Clean and comfortable hotel with a great breakfast included. They even let us leave car in their park all day while we were in the city. Would definitely stay again in this excellent value hotel.", "time": " May 2019", "helpful_vote": 0, "polarity": 0.516, "keywords": "['breakfast', 'hotel', 'comfortable', 'clean', 'welcome']", "matchKeywords": ["breakfast", "hotel", "comfortable", "clean", "welcome"], "categories": ["emotional_descriptions", "food", "facility"], "userImg": "user-img.png"}, {"user_name": "Maurice999", "user_wrote_time": "May 2019", "contriNum": "64 contributions", "helpfulNum": "40 helpful votes", "currentRating": "5.0", "title": "perfect for easy access to London town and with free parking", "content": "We stayed in the apartment although inexpensive hotel rooms are available. The apartment is perfect for 2 people or a family. Staff, room service, breakfasts, attitude and cleanliness are excellent. I recommend this for singles, couples and families/ the nearest underground train station is a 7 minute walk - then 30 minute ride to London town. Parking is free. We have been there almost every year for the last 10 years.", "time": " May 2019", "helpful_vote": 1, "polarity": 0.617, "keywords": "['breakfasts', 'hotel', 'cleanliness', 'apartment', 'inexpensive']", "matchKeywords": ["breakfasts", "hotel", "cleanliness"], "categories": ["food", "facility", "emotional_descriptions"], "userImg": "user-img.png"}, {"user_name": "ledzep", "user_wrote_time": "Apr 2019", "contriNum": "1 contribution", "helpfulNum": "0", "currentRating": "5.0", "title": "Good hotel, good location", "content": "Booked for two nights to visit Alexandra Palace, first floor room (12), comfortable beds and quiet room at the rear of the property, small problem with the bathroom as the WC is squeezed between the bath and the wall which makes for a not very comfortable experience. However the breakfast buffet was good including cereals,breads,bacon,sausage,mushrooms,egg etc. The staff are marvellous, very friendly and helpful.  Located right next to Finchley High Street very handy for shops and restaurants, bus station 10 mins walk with bus straight to Tottenham Court Road. Northern line tube Wood Green just mins away for access to central London. Excellent parking in front for about 6 cars, ask in reception for permit to display.  Really enjoyable and will not hesitate to rebook when going", "time": " April 2019", "helpful_vote": 0, "polarity": 0.232, "keywords": "['breakfast', 'bacon', 'restaurants', 'bathroom', 'buffet']", "matchKeywords": ["breakfast", "bacon", "restaurants", "bathroom", "buffet"], "categories": ["food", "facility"], "userImg": "user-img.png"}, {"user_name": "kathrynr80", "user_wrote_time": "Mar 2019", "contriNum": "29 contributions", "helpfulNum": "4 helpful votes", "currentRating": "5.0", "title": "Lovely", "content": "Great hotel with parking available, close to the underground station woodside park where you can go on northern line into London. Good buffet breakfast with nice selection. lovely spacious room with kettle and fridge, friendly staff. i will definately be back anytime i go to london", "time": " March 2019", "helpful_vote": 0, "polarity": 0.997, "keywords": "['breakfast', 'fridge', 'hotel', 'buffet', 'london']", "matchKeywords": ["breakfast", "fridge", "hotel", "buffet", "london"], "categories": ["food", "facility", "loation_surroundings"], "userImg": "user-img.png"}, {"user_name": "mikeshuff", "user_wrote_time": "Feb 2019", "contriNum": "274 contributions", "helpfulNum": "96 helpful votes", "currentRating": "5.0", "title": "Return visit all still good", "content": "Checked my usual London stay. Normally friendly reception found my room which was as good as ever and incredible value  when you add in free parking and a good buffet breakfast. Just starting to unpack and there was a knock on the door. Sorry you are in the wrong room. You are in room 31 not 21. Okay no probs, did not know you had 31 rooms. I then went out of the main building following a nice man who said, “ you have been upgraded” . I was then lead to a full sized apartment , complete with full kitchen and appliances, big walk in shower room, huge bed room with King size bed and then a dining living room. All a not much for me alone fir the one night , but very very nice.  If you are going to have a few nights stay and there are 2 of you the price they charge for this", "time": " January 2019", "helpful_vote": 0, "polarity": -0.204, "keywords": "['breakfast', 'shower', 'bed', 'kitchen', 'buffet']", "matchKeywords": ["breakfast", "shower", "bed", "kitchen", "buffet"], "categories": ["facility", "food"], "userImg": "user-img.png"}, {"user_name": "SoBeRetired", "user_wrote_time": "Jan 2019", "contriNum": "184 contributions", "helpfulNum": "131 helpful votes", "currentRating": "5.0", "title": "Charming budget hotel", "content": "Not fancy, but very comfortable accommodations in old row houses combined into one structure. Within easy walking distance of the Woodside northern line tube, and just down the block from the High Street commercial district. The staff were cheery and helpful and the breakfast more than adequate. Narow steep stairs might be a challenge for some people, however. We stayed for nine nights and were altogether very pleased, especially given the low rate.", "time": " January 2019", "helpful_vote": 0, "polarity": 0.462, "keywords": "['breakfast', 'comfortable', 'cheery', 'nights', 'old']", "matchKeywords": ["breakfast", "comfortable", "nights", "old"], "categories": ["emotional_descriptions", "food", "time"], "userImg": "user-img.png"}, {"user_name": "Sue R", "user_wrote_time": "Jan 2019", "contriNum": "4 contributions", "helpfulNum": "0", "currentRating": "5.0", "title": "Excellent  Location", "content": "Housed  in  a  Row of victorian  houses  hotel  was  within  walking  distance  to  many  shops, bars  and  restaurants on  Finchley  High  Road  and  few  minutes  from  Woodside  park  tube  station  which  will  take  you  to  central London.It  goes  without  saying  how  much  we  appreciate  the  effiecient  very friendly  staff  who  made  our  stay  very  pleasant  holiday  to remember. Many  thanks  again  to  all  of  you. Breakfast  is  Amazing. Had   a  choice  of  English  and  Continental  food.  Pleasant  atmosphere    and  convient  place  to  stay  when  visting  London..", "time": " September 2018", "helpful_vote": 0, "polarity": 0.9, "keywords": "['breakfast', 'hotel', 'restaurants', 'holiday', 'victorian']", "matchKeywords": ["breakfast", "hotel", "restaurants", "holiday"], "categories": ["facility", "food", "time"], "userImg": "user-img.png"}, {"user_name": "Steph W", "user_wrote_time": "Jan 2019", "contriNum": "2 contributions", "helpfulNum": "1 helpful vote", "currentRating": "5.0", "title": "Mrs Stephanie Wharton", "content": "Lovely friendly staff very clean and comfortable rooms were spacious and clean breakfast was very good have booked again for December In a very convenient place for the tube station a 5 minute walk down the bottom of the road great location to all of the shops banks pubs and restaurants on the high street 29 minute tube ride to the centre of London", "time": " December 2018", "helpful_vote": 0, "polarity": 0.997, "keywords": "['breakfast', 'december', 'restaurants', 'comfortable', 'london']", "matchKeywords": ["breakfast", "december", "restaurants", "comfortable", "london"], "categories": ["food", "time", "facility", "emotional_descriptions", "loation_surroundings"], "userImg": "user-img.png"}, {"user_name": "Yiannis K", "user_wrote_time": "Dec 2018", "contriNum": "1 contribution", "helpfulNum": "0", "currentRating": "5.0", "title": "Lovely place to stay in London", "content": "Great Location.The owner and the staff were very friendly ,polite ,and very helpful.Breakfast was very good. The room was very clean and comfortable. You have free parking and wifi.The underground station is very near(northern line).I highly recommend.Well managed. ", "time": " December 2018", "helpful_vote": 0, "polarity": 0.998, "keywords": "['polite', 'clean', 'comfortable', 'breakfast', 'helpful']", "matchKeywords": ["polite", "clean", "comfortable", "breakfast", "helpful"], "categories": ["emotional_descriptions", "food"], "userImg": "user-img.png"}, {"user_name": "Andrew T", "user_wrote_time": "Dec 2018", "contriNum": "99 contributions", "helpfulNum": "25 helpful votes", "currentRating": "5.0", "title": "Quiet and quaint ", "content": "Enjoyed my stay at The Glenlyn.  John, The General Manager/Owner was great to talk to. He took my luggage up to my room, upon arrival   Room was large and comfortable. Beds, great!   Daily breakfast included, and was fresh and consistent each and every day   Staff, all very friendly and helpful  They work to serve us a quality breakfast and then professionally clean our rooms thereafter.   There is genuine sense of true hospitality with this team, at this quaint hotel. Well managed!   ", "time": " November 2018", "helpful_vote": 0, "polarity": 0.996, "keywords": "['breakfast', 'hospitality', 'hotel', 'beds', 'daily']", "matchKeywords": ["breakfast", "hospitality", "hotel", "beds", "daily"], "categories": ["facility", "food", "emotional_descriptions", "time"], "userImg": "user-img.png"}, {"user_name": "DanFizz95", "user_wrote_time": "Nov 2018", "contriNum": "24 contributions", "helpfulNum": "27 helpful votes", "currentRating": "4.0", "title": "Just what we needed", "content": "Went to see Nothing But Thieves at Ally Pally and really needed somewhere reasonably priced to stay the night. Got a great price on Booking.com that entitled us to a large bed with an ensuite (great shower) and breakfast the next day. After a long night we missed the time of the breakfast buffet by about half an hour and yet they were kind enough to accommodate us and haul a breakfast back out which we really appreciated. Comfortable, nice finishes in the rooms and a good breakfast too. 10 minute taxi from Alexandra Palace", "time": " November 2018", "helpful_vote": 2, "polarity": 0.032, "keywords": "['breakfast', 'bed', 'shower', 'buffet', 'night']", "matchKeywords": ["breakfast", "bed", "shower", "buffet", "night"], "categories": ["food", "facility", "time"], "userImg": "user-img.png"}, {"user_name": "alonaandsasha", "user_wrote_time": "Nov 2018", "contriNum": "181 contributions", "helpfulNum": "79 helpful votes", "currentRating": "3.0", "title": "Reasonable", "content": "The hotel is far from tourists attractions, therefore one stays there if one has a business nearby.  The room was good for one person. I think for a couple it would have been rather small, especially the bathroom. Clean, nice, toiletries provided.  There is no socket near the bed and the bedside table was only from one side. The smaller light lapms above the bed did not work. And to switch of the light you need to get out of the bed. The breakfast is of very limited choice , no fresh vegetables nor fruits. But reasonable for a couple of days. On the High street nearby, plenty of coffee shops and restaurants. The staff is very nice and welcoming", "time": " October 2018", "helpful_vote": 0, "polarity": -0.198, "keywords": "['toiletries', 'bathroom', 'bed', 'breakfast', 'restaurants']", "matchKeywords": ["toiletries", "bathroom", "bed", "breakfast", "restaurants"], "categories": ["facility", "food"], "userImg": "user-img.png"}, {"user_name": "EdelNiL", "user_wrote_time": "Oct 2018", "contriNum": "1 contribution", "helpfulNum": "0", "currentRating": "5.0", "title": "Last night emergency ", "content": "I got locked out of my accommodation on a  Monday night as the lock broke. It was about 11.30 pm and I knew there were 2 hotels nearby. I tried one but they weren’t answering the door after 10pm. My phone battery was dying so I couldn’t ring around for accommodation. Next I tried the Glenlyn although there too was a sign saying they didn’t accept visitors after 11.00. But they answered the intercom and I explained my situation. They let me in and as a young woman I was very relieved not to have to walk around at night looking for somewhere to stay. It was clear to me that the management would not leave me stuck even if they were all out of rooms. They did have a room as it happened. They also looked for a charger for my phone and the following morning they gave me phone numbers", "time": " August 2018", "helpful_vote": 0, "polarity": -0.486, "keywords": "['10pm', 'dying', 'monday', 'pm', 'night']", "matchKeywords": ["monday", "night"], "categories": ["time"], "userImg": "user-img.png"}, {"user_name": "Gillian G", "user_wrote_time": "Oct 2018", "contriNum": "143 contributions", "helpfulNum": "50 helpful votes", "currentRating": "5.0", "title": "Lovely post holiday visit to family", "content": "Our son and his partner had just presented us with our first grandchild and so we needed somewhere near to them to stay. We had booked a room but were delighted to find that we had been upgraded to an apartment! And what an apartment. Large lounge, kitchen, bedroom and bathroom. The place was spacious and clean. All the staff were pleasant and there was a wide variety of continental and UK type of breakfast. It is handy for shops on the high street and the local tube station is near by. The added bonus, for us, was that it was only 10 minutes from our son. We hope to return to the Glenlyn for the Christmas holiday.", "time": " October 2018", "helpful_vote": 0, "polarity": 0.675, "keywords": "['breakfast', 'grandchild', 'christmas', 'bedroom', 'holiday']", "matchKeywords": ["breakfast", "christmas", "bedroom", "holiday"], "categories": ["food", "time", "facility"], "userImg": "user-img.png"}, {"user_name": "Suhas R", "user_wrote_time": "Oct 2018", "contriNum": "3 contributions", "helpfulNum": "0", "currentRating": "4.0", "title": "great location, friendly staff", "content": "Great location, very friendly staff, good breakfast (could get boring by longer stay as there is no variation). Check in was no problem, though we arrived past mid night. only difficulty we faced was, we had booked two double bed rooms and both were located on the 2nd floor. The hotel has no lift (we knew it while booking, we took a chance, hoping we will get rooms in ground floor) and we had heavy bags and had to carry all the way up.", "time": " September 2018", "helpful_vote": 0, "polarity": -0.183, "keywords": "['breakfast', 'bed', 'hotel', 'boring', 'night']", "matchKeywords": ["breakfast", "bed", "hotel", "night"], "categories": ["facility", "food", "time"], "userImg": "user-img.png"}, {"user_name": "mikeshuff", "user_wrote_time": "Oct 2018", "contriNum": "274 contributions", "helpfulNum": "96 helpful votes", "currentRating": "5.0", "title": "Return visit all still good", "content": "Stayed for the first time in a few months. My “usual” favourite room from previous stays was not available. However the room I was allocated was just as good with the bonus of a bath and piping hot water! Great nights sleep as ever in comfy bed, quiet room. Usually decent buffet breakfast ample safe parking. Still my preferred place to stay , the 25 mins journey tube to central London easily outweighed by the peace and quiet of this hotel. All facilities you could want in the high street within 100 metres, northern line tube a 10 mins walk. ", "time": " October 2018", "helpful_vote": 0, "polarity": 0.214, "keywords": "['breakfast', 'bed', 'bath', 'hotel', 'london']", "matchKeywords": ["breakfast", "bed", "bath", "hotel", "london"], "categories": ["facility", "food", "loation_surroundings"], "userImg": "user-img.png"}, {"user_name": "eran b", "user_wrote_time": "Aug 2018", "contriNum": "10 contributions", "helpfulNum": "5 helpful votes", "currentRating": "5.0", "title": "Great stay at glenlyn", "content": "We stayed 8 night's there. As a family of 5  we stayed in a garden apartment. The apartment was spacious and clean.  The children slept in the living room- sofa double bed and single bed. We slept in main bedroom. Huge bed and room. Safe in room. Big kitchen very well equiped. Big bathroom. Two sinks. Good shower. The flat has a washing machine/dryer. Very usefull. Can also dry washing in garden. Nice  garden to sit in. Breakfast was good. Staff always very nice and helpfull. Very close walk to tube, bus, supermarket ,local cafes shops,resturants (excellent thai and turkish really close) etc. Quiet neighbourhood ", "time": " August 2018", "helpful_vote": 0, "polarity": 0.138, "keywords": "['bed', 'bedroom', 'breakfast', 'sofa', 'kitchen']", "matchKeywords": ["bed", "bedroom", "breakfast", "sofa", "kitchen"], "categories": ["facility", "food"], "userImg": "user-img.png"}, {"user_name": "Trevor P", "user_wrote_time": "Aug 2018", "contriNum": "6 contributions", "helpfulNum": "1 helpful vote", "currentRating": "5.0", "title": "Brilliant Location", "content": "Arrived Saturday and thwy found us an available room so that we could unpack before sightseeing. Really helpful staff and the whole stay was great.  We stayed 2 nights and would definitely stay again.  Free parking was a big plys and price included breakfast which was exceptional. Underground was only 10 mins away so great access to London. All in all very good value. If you are fussy then you might say it could do with some updates but we were very happy there. Lastly it has a lovely garden to sit in and the breakfast room overlooks this with patio door access.", "time": " August 2018", "helpful_vote": 0, "polarity": 0.759, "keywords": "['breakfast', 'saturday', 'sightseeing', 'happy', 'nights']", "matchKeywords": ["breakfast", "saturday", "sightseeing", "happy", "nights"], "categories": ["time", "food", "surrounding_environment", "emotional_descriptions"], "userImg": "user-img.png"}, {"user_name": "Pedro", "user_wrote_time": "Jul 2018", "contriNum": "14 contributions", "helpfulNum": "12 helpful votes", "currentRating": "4.0", "title": "Short visit for visit to London", "content": "We were attending the Queens of the Stone Age and Friends day-festival at Finsbury Park and wanted something relatively budget-orientated that included parking outside of Central London. Importantly, it had to be near a tube stop to get to the gig and ensure we could get back at night afterward.   The Glenlyn hotel fitted these requirements as it is a short walk from Woodside Park on the Northern line, and being close to the M25 helped as we avoided driving anywhere close to Central London on arrival from the North. Parking was off-street outside of the front of the hotel.  The hotel decor could be considered dated in some respects with older pieces of furniture in the bedroom and a typical old-style look and feel throughout the corridors we walked through to get to our room.", "time": " June 2018", "helpful_vote": 0, "polarity": -0.408, "keywords": "['festival', 'hotel', 'night', 'finsbury', 'parking']", "matchKeywords": ["hotel", "night", "parking"], "categories": ["facility", "time", "service"], "userImg": "user-img.png"}, {"user_name": "Tony K", "user_wrote_time": "Jun 2018", "contriNum": "959 contributions", "helpfulNum": "151 helpful votes", "currentRating": "5.0", "title": "Overnight stay by Finchley", "content": "Chose this hotel for its location and price. Chose a double room ensuite with full breakfast, free parking and wifi. This location eas ideal as I was completing site visits for work and required an overnight stay. Free parking right outside the door to reception. Arrived around 4.30pm and given room 18 which was the top room on the third floor. Room was spacious with dresser table, large double bed and ensuite bathroom with a large walk in shower. The room even had a small fridge by the complimentary tea and coffee. As it was the top floor I had 3 skylight windows in my room which had blinds too, goid job as it was very warm outside. Large tv and free wifi was also available. I had a great night sleep and breakfast in the morning was a self serve continental with a help yourself", "time": " June 2018", "helpful_vote": 0, "polarity": 0.019, "keywords": "['breakfast', 'fridge', 'tea', 'hotel', '30pm']", "matchKeywords": ["breakfast", "fridge", "tea", "hotel", "30pm"], "categories": ["food", "facility", "time"], "userImg": "user-img.png"}, {"user_name": "Susan H", "user_wrote_time": "Jun 2018", "contriNum": "223 contributions", "helpfulNum": "18 helpful votes", "currentRating": "4.0", "title": "Breakfast was the star of the show", "content": "Me and my boyfriend stayed here for 1 night as we had a party to go to up the road that night. We had a nice warm welcome and the hotel was really clean. A BIG thing to point out and to remind people of is.... this is an old building so you get an old key and big key ring! None of this swipe key card. And the floors creaked and there was no lifts. Which didn’t bother me and it wasn’t the reason I gave it 4/5. The reason is. You have to lock yourself in your room. Like normal hotels once your in the and the door closes behind you. Someone from the outside can’t get it. Unfortunately here someone can, so you have to lock the door from the inside. Which for claustrophobic people out there won’t like. Also you have to make sure you lock the door on the way as well. Which is a little", "time": " May 2018", "helpful_vote": 0, "polarity": -0.618, "keywords": "['hotel', 'boyfriend', 'hotels', 'party', 'night']", "matchKeywords": ["hotel", "boyfriend", "hotels", "party", "night"], "categories": ["facility", "companion", "travelling_purpose", "time"], "userImg": "user-img.png"}, {"user_name": "mikeshuff", "user_wrote_time": "Jun 2018", "contriNum": "274 contributions", "helpfulNum": "96 helpful votes", "currentRating": "5.0", "title": "As good as ever", "content": "Stayed for the one night for the first time in quite a while. At reception on check in they apologised that they could not give me my favourite room, but believed my allocated room would be fine, which it was. Clean , good sized , excellent bathroom. From this point onwards everything excellent. Great service, super room, great quality buffet breakfast. Great nights sleep, car securely parked right outside. Add to this all types of food to eat in the high street just 50 metres away. Tube station an easy 500metre walk Add all together and this is an absolute bargain of a place to stay. ", "time": " May 2018", "helpful_vote": 0, "polarity": 0.381, "keywords": "['breakfast', 'buffet', '500metre', 'bathroom', 'favourite']", "matchKeywords": ["breakfast", "buffet", "bathroom", "favourite"], "categories": ["food", "facility", "emotional_descriptions"], "userImg": "user-img.png"}, {"user_name": "Piya B", "user_wrote_time": "May 2018", "contriNum": "16 contributions", "helpfulNum": "5 helpful votes", "currentRating": "4.0", "title": "Lovely place to stay in London ", "content": "We visited London on 24th April this year and we stayed in this hotel. Its has very nice decor and have an old London decor. Rooms are small but comfortable. Breakfast is the best part here. It is located far from London Central but we'll connected by Woodside Park tube station and bus. Tube station is a bit far so we had to walk 10-15minutes to reach the station otherwise it was a very comfortable stay in London. ", "time": " April 2018", "helpful_vote": 0, "polarity": 0.512, "keywords": "['breakfast', 'hotel', 'london', 'april', 'old']", "matchKeywords": ["breakfast", "hotel", "london", "april", "old"], "categories": ["food", "facility", "loation_surroundings", "time", "emotional_descriptions"], "userImg": "user-img.png"}, {"user_name": "Flossie F", "user_wrote_time": "Mar 2018", "contriNum": "41 contributions", "helpfulNum": "14 helpful votes", "currentRating": "5.0", "title": "Quiet, clean and excellent beds!", "content": "I am full of praise for the Glenlyn. Firstly, all rooms and areas are kept very clean. The bed was superb, quality mattresses gave us excellent nights' rest. The water pressure in the shower was brilliant, (unusual in a lot of hotels in my experience). The staff were, all really hard-working and charming, we were greeted with smiles and helpfulness at all times. Lastly, the breakfast was very good indeed, regularly being freshly replenished with all elements of a full-English. The furniture and decor were a bit tired but at these prices in London this is nitpicking. We shall definitely stay here again.", "time": " March 2018", "helpful_vote": 0, "polarity": 0.748, "keywords": "['shower', 'bed', 'mattresses', 'breakfast', 'freshly']", "matchKeywords": ["shower", "bed", "breakfast"], "categories": ["facility", "food"], "userImg": "user-img.png"}, {"user_name": "Pete M", "user_wrote_time": "Feb 2018", "contriNum": "217 contributions", "helpfulNum": "71 helpful votes", "currentRating": "4.0", "title": "Old fashioned and comfortable. ", "content": "After spending much of my working life in soulless corporate hotels this place is a quirky, comfy, old-fashioned home away from home. The beds are comfortable, the rooms are warm, everything is clean and the staff are helpful and friendly when needed and unobtrusive when not. Because we were so busy, we didn’t have any good this visit but it’s always been good in the past. ", "time": " February 2018", "helpful_vote": 0, "polarity": 0.504, "keywords": "['corporate', 'hotels', 'old', 'home', 'comfy']", "matchKeywords": ["hotels", "old", "home", "comfy"], "categories": ["emotional_descriptions", "facility"], "userImg": "user-img.png"}, {"user_name": "Inthethickofit", "user_wrote_time": "Feb 2018", "contriNum": "25 contributions", "helpfulNum": "45 helpful votes", "currentRating": "3.0", "title": "A bit grim ", "content": "I’m surprised this place is getting good reviews, I found the place pretty grim.   I stay at a lot of this type place as I travel a lot for work and even in the type of budget hotels I stay in it was less than average.   I was woken at 11:30 and 12:30 by the sound of one of the guests repeatedly slamming the doors (not the hotels fault). The room was old and creepy.  If you’re stopping here for one night to get your head down for the night then go for it as it’s cheap but no way would I come here for pleasure - I don’t know what the Mrs would have made of this place!!", "time": " February 2018", "helpful_vote": 0, "polarity": -0.49, "keywords": "['creepy', 'night', 'grim', 'hotels', 'cheap']", "matchKeywords": ["night", "hotels", "cheap"], "categories": ["time", "facility", "emotional_descriptions"], "userImg": "user-img.png"}, {"user_name": "Margarida74", "user_wrote_time": "Feb 2018", "contriNum": "75 contributions", "helpfulNum": "41 helpful votes", "currentRating": "5.0", "title": "Best hotel! Feels like home!", "content": "Every time we come to London we stay at this hotel. The rooms are clean and spacious and very well decorated and confortable. The breakfast (included) is just amazing and you have it with a view to the garden where you can see squirlers. The staff, specially Kitty, the recepcionist are incredibly nice and makes us feel cared about.  The location.is perfect because you have restaurants, supermelarkets all kinds of shops nearby and also you have the tube down the road wich takes you to Central London in 20 min.  You cant miss it!", "time": " February 2018", "helpful_vote": 0, "polarity": 0.954, "keywords": "['breakfast', 'hotel', 'restaurants', 'spacious', 'london']", "matchKeywords": ["breakfast", "hotel", "restaurants", "spacious", "london"], "categories": ["facility", "food", "emotional_descriptions", "loation_surroundings"], "userImg": "user-img.png"}, {"user_name": "Marilia A", "user_wrote_time": "Jan 2018", "contriNum": "1 helpful vote", "helpfulNum": "0", "currentRating": "4.0", "title": "very quite and relaxing", "content": "Near to the shops, the staff is very efficient and always ask if i needed anything. They makde sure that i felt welcomed. the room was clean and the breakfast had a choice of English and Continental food, I really enjoyed the stay.", "time": " January 2018", "helpful_vote": 0, "polarity": 0.792, "keywords": "['breakfast', 'efficient', 'clean', 'english', 'food']", "matchKeywords": ["breakfast", "efficient", "clean", "food"], "categories": ["emotional_descriptions", "food"], "userImg": "user-img.png"}]}