{"name": "Henley_House_Hotel", "price": "$107", "img": "holder.js/250x250?theme=thumb", "rating": "4.0", "ratingNum": 76, "reviews": [{"user_name": "Jappo1969", "user_wrote_time": "Jan 2020", "contriNum": "19 contributions", "helpfulNum": "23 helpful votes", "currentRating": "4.0", "title": "Perfect for Olympia and Earls Court", "content": "The room was fine for, single bed and shower was fine.  All in all a good hotel for what I need it for.  The lady on reception could not have been more helpful and really helped me settle in.  My only complaint (small) was the automatic air freshener going off ever 10 minutes during the night but once I got used to it a good night's sleep was had.", "time": " January 2020", "helpful_vote": 1, "polarity": 0.678, "keywords": "['shower', 'bed', 'sleep', 'hotel', 'automatic']", "matchKeywords": ["shower", "bed", "sleep", "hotel"], "categories": ["facility", "emotional_descriptions"], "userImg": "user-img.png"}, {"user_name": "49Thalia", "user_wrote_time": "Dec 2019", "contriNum": "88 contributions", "helpfulNum": "47 helpful votes", "currentRating": "5.0", "title": "Perfect stay in London", "content": "Stayed here for 3 nights before Christmas. The hotel is very close to Earls Court Station, so if you fly to Heathrow, you can catch the Piccadilly line straight to Earls Court, and save a lot of hassle and money compared to Heathrow Express. Nice, fresh and clean twin room, with comfy beds. A spacious tiled bathroom with a good shower. One of the best breakfasts I have had in London, with plenty of choices. Good WiFi, and USB outlets to charge your devices. Restaurants and pubs in the vicinity, and an easy walk to Kensington High Street. This is my new favourite hotel in London.", "time": " November 2019", "helpful_vote": 0, "polarity": 0.519, "keywords": "['breakfasts', 'christmas', 'hotel', 'shower', 'piccadilly']", "matchKeywords": ["breakfasts", "christmas", "hotel", "shower"], "categories": ["facility", "food", "time"], "userImg": "user-img.png"}, {"user_name": "mondobeagle", "user_wrote_time": "Dec 2019", "contriNum": "3 contributions", "helpfulNum": "7 helpful votes", "currentRating": "5.0", "title": "Wonderful stay", "content": "Great place to stay. I spent two nights there with my sister for my birthday. Convenient for shops and most important tourist sights. Nice breakfast. Clean and cosy rooms. Welcoming and helpful staff.", "time": " December 2019", "helpful_vote": 1, "polarity": 0.981, "keywords": "['sister', 'breakfast', 'birthday', 'tourist', 'nights']", "matchKeywords": ["sister", "breakfast", "birthday", "tourist", "nights"], "categories": ["companion", "time", "food", "surrounding_environment"], "userImg": "user-img.png"}, {"user_name": "kels2Mae", "user_wrote_time": "Nov 2019", "contriNum": "29 contributions", "helpfulNum": "15 helpful votes", "currentRating": "5.0", "title": "Weekend break", "content": "What a beautiful little hotel,  in a lively quiet street, but with everything you may need just around the corner.   We arrived early but were able to drop off our luggage and explore the city.  Check in was easy, and the hotel staff were extremely friendly and the hotel itself was modern and fresh.  Our room was really nice, but it was a shame we were in the lower level as we had no view other than the basement stairs,  however since we were only studying for one night it wasn't such a big deal.   The location was perfect for getting about either by tube or walking, we walked to the V&A and also Sloane square, nice quiet walks with lots of great architecture on the way.  Breakfast was nice, taken in the conservatory, continental style but with something for everybody.   We", "time": " November 2019", "helpful_vote": 0, "polarity": 0.695, "keywords": "['hotel', 'breakfast', 'night', 'modern', 'easy']", "matchKeywords": ["hotel", "breakfast", "night", "modern", "easy"], "categories": ["facility", "food", "emotional_descriptions", "time"], "userImg": "user-img.png"}, {"user_name": "Ashleigh P", "user_wrote_time": "Oct 2019", "contriNum": "64 contributions", "helpfulNum": "46 helpful votes", "currentRating": "5.0", "title": "Diamonds don’t come the size of breeze-blocks...  Amazing little boutique hotel !", "content": "I stay in London often and can honestly say this is the best value hotel I have found , the location is fantastic just a short walk from a Earl’s Court tube Station and located near a pub and supermarket . I booked a small double Room for £118 for the night , the room was small but incredibly well decorated , spotlessly clean and modern and had lots of nice little extras such as robes and smart TVs , Breakfast was continental and was lovely and fresh I really felt relaxed and enjoyed my stay, staff couldn’t do enough for you  !  Its certainly is what I would consider to be a boutique hotel and I will definitely stay here again .", "time": " October 2019", "helpful_vote": 3, "polarity": 0.944, "keywords": "['hotel', 'breakfast', 'supermarket', 'boutique', 'pub']", "matchKeywords": ["hotel", "breakfast", "supermarket", "boutique", "pub"], "categories": ["facility", "food", "surrounding_environment", "emotional_descriptions"], "userImg": "user-img.png"}, {"user_name": "Trisch I", "user_wrote_time": "Oct 2019", "contriNum": "357 contributions", "helpfulNum": "33 helpful votes", "currentRating": "4.0", "title": "Excellent Location Piccadilly tube line", "content": "Friendly staff, with a great location to Earls court tube and the Piccadilly line that connects to and from the Heathrow airport. A short 15minute walk to Kensington gardens and the princess Dianna walk.  The rooms have all that you need for your stay a safe, mini fridge, toiletries, ironing board and iron, local UK adaptor, flat screen tv. Unfortunately the bed was a little uncomfortable and the pillows slightly on the thin side. Overall it was a pleasant stay and quiet from any surrounding outside noise, secured premises with hotel key access, breakfast daily with facilities to boil eggs, pastries, fruit, coffee and tea, they even catered for our gluten intolerance and provided us with alternative bread option.  Great stay would definitely stay again if visiting London,", "time": " October 2019", "helpful_vote": 2, "polarity": 0.464, "keywords": "['tea', 'toiletries', 'fridge', 'breakfast', 'bed']", "matchKeywords": ["tea", "toiletries", "fridge", "breakfast", "bed"], "categories": ["facility", "food"], "userImg": "user-img.png"}, {"user_name": "ralphwalker747", "user_wrote_time": "Oct 2019", "contriNum": "61 contributions", "helpfulNum": "41 helpful votes", "currentRating": "5.0", "title": "A home away from home", "content": "For 6 years we have been staying at Henley House and are returning again next year. Very helpful staff, a comfortable room even though a little small. The room is well serviced every day and there is an excellent continental breakfast available. 5 minutes walk from Earls Court tube station with lots of good eateries around", "time": " October 2019", "helpful_vote": 2, "polarity": 0.944, "keywords": "['breakfast', 'years', 'eateries', 'minutes', 'day']", "matchKeywords": ["breakfast", "eateries", "minutes", "day"], "categories": ["food", "facility", "service", "time"], "userImg": "user-img.png"}, {"user_name": "Margaret A", "user_wrote_time": "Sep 2019", "contriNum": "87 contributions", "helpfulNum": "59 helpful votes", "currentRating": "5.0", "title": "Very groovy, baby.", "content": "We chose this hotel because of location & it was spot on. Less than a minute to Earl’s Court & restaurants off Earls Court Road offered an alternative to pub food. The room was quite something. Clean & good use of limited space. We were apprehensive when told we had room 1, meters from reception, however, it was very quiet & we only heard other guests on one occasion when they checked out very early. The style is not going to be to everyone’s taste, but I loved it! The bathroom was very Austin Powers- I’ll add a photo. It’s very English- red white & blue, the cushions etc. Breakfast was included, good variety, certainly enough to fill you up before you headed out. Reception & breakfast staff friendly & helpful. Would definitely stay there again.", "time": " September 2019", "helpful_vote": 2, "polarity": 0.457, "keywords": "['breakfast', 'restaurants', 'pub', 'hotel', 'bathroom']", "matchKeywords": ["breakfast", "restaurants", "pub", "hotel", "bathroom"], "categories": ["facility", "food"], "userImg": "user-img.png"}, {"user_name": "Julie M", "user_wrote_time": "Sep 2019", "contriNum": "1 contribution", "helpfulNum": "0", "currentRating": "4.0", "title": "Recommend", "content": "Stylish hotel with a relaxed atmosphere. The lfriendly staff were helpful and approachable  Great situation close to amenities  We had a nice mid week break and look forward to a return visit. Highly recommend", "time": " September 2019", "helpful_vote": 0, "polarity": 0.998, "keywords": "['stylish', 'relaxed', 'helpful', 'hotel', 'nice']", "matchKeywords": ["stylish", "helpful", "hotel", "nice"], "categories": ["emotional_descriptions", "facility"], "userImg": "user-img.png"}, {"user_name": "mcarlin0", "user_wrote_time": "Sep 2019", "contriNum": "3 contributions", "helpfulNum": "4 helpful votes", "currentRating": "5.0", "title": "Hidden Gem", "content": "Arrived early to the hotel, lovely receptionist advised to come back at 3:30 when the room is ready and handed us a tourist map with a 20% off discount code for tourist attractions. We were pleasantly surprised to find a bustling high street just up the road with plenty of shops for food, and a boots for our forgotten tooth paste.   Breakfast was continental, with plenty of choice and all the staff members were on hand to help with anything you needed.   The room we had was small in size but space was optimised. We were so happy to have a small balcony attached to our room to watch people go about their days. With a 20 minute walk to the Natural History Museum and the Victoria and Albert Museum.    This hotel really is a hidden gem and would recommend to anyone.   Absolutely", "time": " September 2019", "helpful_vote": 3, "polarity": 0.563, "keywords": "['breakfast', 'receptionist', 'hotel', 'shops', 'bustling']", "matchKeywords": ["breakfast", "receptionist", "hotel", "shops"], "categories": ["food", "service", "facility", "surrounding_environment"], "userImg": "user-img.png"}, {"user_name": "Ayub Bunpire", "user_wrote_time": "Aug 2019", "contriNum": "13 contributions", "helpfulNum": "5 helpful votes", "currentRating": "5.0", "title": "Splendid memories at a great location", "content": "Great location as it's nearby amenities like tube station; cafes, pub, fast-food & restaurant, supermarket, pharmacy, Laundromat and ATM. All within less than 5 minutes walking distance. Staffs are always smiling, friendly and helpful. The handy phone is a great value-added service which is useful for navigating & making calls in London (you can even call USA & a few countries for free with the handy phone). The breakfast offered is delicious plus their cold cuts selection is halal which give it the extra points. Room is a bit small but this is the norm for London accommodations. Lift can only accommodate 1 luggage & 1 pax or 2 paxs without luggage. Overall, nice memories were made while staying there. Will stay again when in London.", "time": " July 2019", "helpful_vote": 1, "polarity": 0.403, "keywords": "['breakfast', 'restaurant', 'cafes', 'delicious', 'amenities']", "matchKeywords": ["breakfast", "restaurant", "cafes", "delicious", "amenities"], "categories": ["facility", "food", "emotional_descriptions"], "userImg": "user-img.png"}, {"user_name": "daryaalaska", "user_wrote_time": "Aug 2019", "contriNum": "58 contributions", "helpfulNum": "46 helpful votes", "currentRating": "2.0", "title": "Clean and small", "content": "Henley House is very clean and well lit. The rooms are quiet, but too tiny. To go from the bathroom to  anywhere except the bed I had to either open the bathroom door more or close it. I am not large (5'1\", medium build), but barely had room to turn around in the small shower. No place for bath towel. Nice robes.  One receptionist was only on her 2nd day and could not answer questions. She could not give restaurant recommendations. She did not even offer to look up restaurants in google or ask the manager. Another receptionist was also new, but was resourceful and wanted to help. The continental breakfast was excellent. The women who staffed it would pleasant and helpful and worked hard. The breakfast was extensive for a continental breakfast, and the food was very good. In", "time": " July 2019", "helpful_vote": 1, "polarity": -0.001, "keywords": "['bathroom', 'shower', 'receptionist', 'bath', 'bed']", "matchKeywords": ["bathroom", "shower", "receptionist", "bath", "bed"], "categories": ["facility", "service"], "userImg": "user-img.png"}, {"user_name": "SAH1958", "user_wrote_time": "Jul 2019", "contriNum": "18 contributions", "helpfulNum": "2 helpful votes", "currentRating": "3.0", "title": "Good mid/low range hotel in Earls Court", "content": "Picked to be close to Earls Court Station to allow easy tube access to Wimbledon. Very convenient and successful in this regard. Pleasant / friendly staff. Everything is very compact. Room 11 was a good quality twin clean and functional.good use of space in compact bathroom. Shower ok but stream of water was modest at best. Effective air conditioning.  Catering limited to compact conservatory like breakfast bar. Clean and functional. Adequate breakfast. I would use again in similar circumstances.", "time": " July 2019", "helpful_vote": 0, "polarity": 0.479, "keywords": "['bathroom', 'clean', 'compact', 'wimbledon', 'shower']", "matchKeywords": ["bathroom", "clean", "compact", "shower"], "categories": ["emotional_descriptions", "facility"], "userImg": "user-img.png"}, {"user_name": "speed98098", "user_wrote_time": "Jun 2019", "contriNum": "117 contributions", "helpfulNum": "57 helpful votes", "currentRating": "3.0", "title": "Great location", "content": "The Hotel is located at a walking distance from Earl's court station. From Heathrow T4 one can take the Piccadilly line to Earl's court and walk 3 minutes to reach the hotel. There are lots of restaurants in the vicinity. The check in was very smooth, Johnny and Paula at the reception were both very friendly and helpful. The room was big and clean enough but the shower box was extremely small. The breakfast was good. All in all the stay was pleasant.", "time": " June 2019", "helpful_vote": 1, "polarity": 0.29, "keywords": "['breakfast', 'restaurants', 'hotel', 'shower', 'clean']", "matchKeywords": ["breakfast", "restaurants", "hotel", "shower", "clean"], "categories": ["facility", "food", "emotional_descriptions"], "userImg": "user-img.png"}, {"user_name": "schnauzerlady", "user_wrote_time": "May 2019", "contriNum": "56 contributions", "helpfulNum": "285 helpful votes", "currentRating": "5.0", "title": "Pleasant Surprise", "content": "The hotel is located in an incredibly quiet nook of London, even though the Earl's Court tube station is only two blocks away. Although the rooms have often been described on TripAdvisor as \"small\", we were pleasantly surprised.  On the other hand, the bath, which had apparently been carved out of the room, was a bit tight.  Fortunately there was lots of hot water, and the towels were wonderfully soft and fluffy --tried to find out their manufacturer, but no one had that information. Breakfast was fairly basic --only hot item was \"do it yourself\" hard boiled eggs-- but more than adequate with lots of fruit and very good rolls. The desk people were most helpful; unfortunately they were not able to give us more than basic help with our luggage as there was only one staff person on", "time": " May 2019", "helpful_vote": 1, "polarity": 0.253, "keywords": "['breakfast', 'towels', 'bath', 'london', 'eggs']", "matchKeywords": ["breakfast", "towels", "bath", "london", "eggs"], "categories": ["facility", "food", "loation_surroundings"], "userImg": "user-img.png"}, {"user_name": "Jack G", "user_wrote_time": "May 2019", "contriNum": "14 contributions", "helpfulNum": "35 helpful votes", "currentRating": "4.0", "title": "London/Paris May 2019 Trip", "content": "Very nice hotel, friendly staff and great location a couple of blocks from the Earl's Court tube station.  Many restaurants just down the street - fantastic place to set up shop to tour virtually anywhere in London.  We had the small room with a double bed, which was OK. The bathroom was the size of one on a cruise ship - small but well appointed.  Breakfast was very good and well stocked and serviced in a picturesque room with vaulted glass ceilings.  The selection was the same every day, however.  There is also a self-service laundromat a few blocks down the main street if you don't want to haul too much luggage. We will definitely consider staying here again the next time we are in London!  Jack and Amy Greene/May 2019", "time": " May 2019", "helpful_vote": 3, "polarity": 0.481, "keywords": "['hotel', 'breakfast', 'restaurants', 'bathroom', 'london']", "matchKeywords": ["hotel", "breakfast", "restaurants", "bathroom", "london"], "categories": ["facility", "food", "loation_surroundings"], "userImg": "user-img.png"}, {"user_name": "offquay", "user_wrote_time": "May 2019", "contriNum": "146 contributions", "helpfulNum": "95 helpful votes", "currentRating": "5.0", "title": "What a lovely hotel", "content": "Stayed in room 41 for 2 nights...only a minutes walk from earls court tube but a different world from the noise and bustle...had my quietest ever nights sleep in central London. Room design had been really well thought out, didn't feel small. I'm not a fan of continental breakfasts but the hotel offering was really good, great choice and everything fresh. The staff from reception, kitchen and cleaning were all friendly and welcoming.", "time": " May 2019", "helpful_vote": 1, "polarity": 0.865, "keywords": "['breakfasts', 'sleep', 'hotel', 'london', 'nights']", "matchKeywords": ["breakfasts", "sleep", "hotel", "london", "nights"], "categories": ["food", "emotional_descriptions", "facility", "loation_surroundings", "time"], "userImg": "user-img.png"}, {"user_name": "SophieJ", "user_wrote_time": "May 2019", "contriNum": "12 contributions", "helpfulNum": "0", "currentRating": "4.0", "title": "Great hotel & great location", "content": "We have just come back from a 2 night stay at the Henley House Hotel. First of all the staff were lovely and accomodating, I emailed before my stay to ask about non-dairy options for breakfast and they had gone out to buy me non dairy milk and butter which I really appreciated. The room was small but absolutely spotless and very stylish, it's a lovely area just a couple of minutes away from the tube and near to some very nice places to eat!  The only downside is where our room was, we stayed in room 10 which is at the top of the first flight of stairs. We had sound travelling from the room above, from every other guest who had to pass our room to get to theirs, and the banging from the kitchen in the morning whilst the staff were setting up breakfast, for 2 nights it was fine", "time": " May 2019", "helpful_vote": 0, "polarity": 0.631, "keywords": "['breakfast', 'butter', 'morning', 'kitchen', 'hotel']", "matchKeywords": ["breakfast", "morning", "kitchen", "hotel"], "categories": ["food", "facility", "time"], "userImg": "user-img.png"}, {"user_name": "Catia Cardamone", "user_wrote_time": "Apr 2019", "contriNum": "3 contributions", "helpfulNum": "1 helpful vote", "currentRating": "5.0", "title": "Charming Hotel, Central Location.", "content": "Henley House provided everything required for a welcoming stay. The hotel itself was intimate, clean, and the breakfast....soooo good! The room had a quirky modern feel which i really liked, beds were comfortable, and their efforts to stay eco friendly regarding the reuse of towels is something i admire. Earl’s Court Station is a short walk from the hotel, and so are many pubs, restaurants and other shops. My family and i found a favourite in a pub called ‘The Blackbird’ right around the corner from Henley House, where the Pies and Guinness are plentiful! I had a wonderful stay, highly recommend!", "time": " April 2019", "helpful_vote": 1, "polarity": 0.884, "keywords": "['hotel', 'restaurants', 'towels', 'breakfast', 'pub']", "matchKeywords": ["hotel", "restaurants", "towels", "breakfast", "pub"], "categories": ["facility", "food"], "userImg": "user-img.png"}, {"user_name": "Mika H", "user_wrote_time": "Apr 2019", "contriNum": "105 contributions", "helpfulNum": "12 helpful votes", "currentRating": "5.0", "title": "Weekend in London", "content": "I booked this hotel after I noticed that the price was good and the reviews were great. Henley House hotel did not let me down. Everything worked out well, service was excellent through out my stay. Hotel was cozy, room was small but very functional. Wifi worked out well, quality flat screen telly, comfy bed and very good shower / toilet area. I had a very nice balcony too, opposite the garden. I can recommend this hotel to everyone who likes to stay at the area.", "time": " March 2019", "helpful_vote": 1, "polarity": 0.944, "keywords": "['hotel', 'comfy', 'wifi', 'cozy', 'shower']", "matchKeywords": ["hotel", "comfy", "wifi", "cozy", "shower"], "categories": ["facility", "emotional_descriptions"], "userImg": "user-img.png"}, {"user_name": "Peter C", "user_wrote_time": "Apr 2019", "contriNum": "3 contributions", "helpfulNum": "0", "currentRating": "5.0", "title": "Comfortable and relaxing with easy access to central London", "content": "The Hotel staff were friendly and attentive, rooms clean and comfortable with maximum use made of the space available. Our double bed was a good size and the bathroom well equipped and supplied with a range of good quality towels and toiletries. The continental breakfast was served in a light airy room and consisted of a wide range of fresh food and drinks.  Close to Earls Court tube station and a short distance from the busy main road, our 3rd floor rear room looked out onto a small garden and proved peaceful and relaxing. I would happily recommend Henley House to friends and would not hesitate to book it again.", "time": " April 2019", "helpful_vote": 0, "polarity": 0.921, "keywords": "['towels', 'breakfast', 'toiletries', 'hotel', 'bed']", "matchKeywords": ["towels", "breakfast", "toiletries", "hotel", "bed"], "categories": ["facility", "food"], "userImg": "user-img.png"}, {"user_name": "Douglas S", "user_wrote_time": "Apr 2019", "contriNum": "10 contributions", "helpfulNum": "1 helpful vote", "currentRating": "5.0", "title": "For a solo traveler, excellent choice", "content": "Great location near the tube in Kensington. Easy walking distance to Kensington-area attractions. Room was small, but very modern. Decent fit for one person. Staff were friendly and helpful. Very quaint and a nice neighborhood. Lots of shops and restaurants within a few minutes' walk. Breakfast was very nice and all that a person could want (at least all I could want). Elevator is old and slow, but other than that not a single thing to complain about. Highly recommend.", "time": " March 2019", "helpful_vote": 1, "polarity": 0.682, "keywords": "['breakfast', 'quaint', 'easy', 'restaurants', 'modern']", "matchKeywords": ["breakfast", "easy", "restaurants", "modern"], "categories": ["food", "emotional_descriptions", "facility"], "userImg": "user-img.png"}, {"user_name": "Donna H", "user_wrote_time": "Apr 2019", "contriNum": "207 contributions", "helpfulNum": "54 helpful votes", "currentRating": "5.0", "title": "DH night away with hubby 💕", "content": "Arrived 11ish at night a friendly welcome. We had slightly bigger double which was worth extra with view over a lovely garden opposite on second floor. Free tea/coffee facilities. As well as toiletries, lovely towels, robe, fab shower. Bed comfy as was as pillows. Breakfast buffet for me plenty of choice, juices, cereals, pastries, meats, cheeses, fruit, yogurts, fresh boiled eggs. Croissants 🥐rolls and toast plus tea and coffee!! Definitely use again and recommend to friends. 💕", "time": " April 2019", "helpful_vote": 1, "polarity": 0.863, "keywords": "['tea', 'yogurts', 'breakfast', 'croissants', 'coffee']", "matchKeywords": ["tea", "breakfast", "croissants", "coffee"], "categories": ["food"], "userImg": "user-img.png"}, {"user_name": "wanderinglady123", "user_wrote_time": "Apr 2019", "contriNum": "12 contributions", "helpfulNum": "7 helpful votes", "currentRating": "5.0", "title": "Nice Little Hotel in a Bustling Neighborhood", "content": "A classic, small London hotel with some nice touches. The staff, especially Paula in reception, is very nice and helpful. The room, while not overly big (typical of London), has nice amenities - bathrobes, shower with rainfall and handheld nozzle, upscale toiletries, a small cooler with bottles of water, a smart TV. Daily continental breakfast is served in a nice, bright atrium. Each room gets free use of a smartphone during the stay - great for looking up restaurants and using Google maps to find one's way around. The hotel is near the Earl's Court tube station. There are restaurants literally steps away from the hotel, whether it's upscale Italian, the neighborhood pub, or KFC. There were two downsides: One was a persistent toilet problem that got fixed midway through our week", "time": " March 2019", "helpful_vote": 1, "polarity": 0.545, "keywords": "['smartphone', 'hotel', 'restaurants', 'kfc', 'toiletries']", "matchKeywords": ["hotel", "restaurants", "toiletries"], "categories": ["facility"], "userImg": "user-img.png"}, {"user_name": "Alyse M", "user_wrote_time": "Apr 2019", "contriNum": "87 contributions", "helpfulNum": "57 helpful votes", "currentRating": "4.0", "title": "Nice cozy hotel", "content": "Great location for this hotel (minutes walking from Earl's Court). The hotel staff was wonderful, specifically Roberta, who helped us plan a shuttle service and purchase hop on and hop off tickets. The rooms were very modern, but the outlet situation was disappointing. Only one outlet in the whole room, which made getting ready difficult (no mirror for make up application near an outlet, hair styling was difficult). Also the built in USB charging outlet was not strong - I charged my phone all night and it maybe charged 40% from 0.  There is a small lift in the hotel, but it can only hold 1 person and 1 suitcase or 2 people. So if stairs are difficult, request a first floor room.   Breakfast consisted of yogurts, some fruits, make you ow. Boiled egg, and a couple meats/cheeses.", "time": " April 2019", "helpful_vote": 3, "polarity": -0.417, "keywords": "['yogurts', 'breakfast', 'hotel', 'cheeses', 'usb']", "matchKeywords": ["breakfast", "hotel", "usb"], "categories": ["facility", "food"], "userImg": "user-img.png"}, {"user_name": "SacredTrickster", "user_wrote_time": "Mar 2019", "contriNum": "182 contributions", "helpfulNum": "128 helpful votes", "currentRating": "4.0", "title": "Great little hotel!", "content": "What a hidden gem! I loved this place. Really well decorated room, comfortable bed and very clean. Amenities included in room kettle for tea and coffee and free breakfast in the conservatory. Rooms are small but not tiny, enough room for two to be comfortable. Great location within 2 minutes walk from Earl’s Court tube. I’ll definitely stay again.", "time": " February 2019", "helpful_vote": 4, "polarity": 0.736, "keywords": "['tea', 'breakfast', 'bed', 'comfortable', 'clean']", "matchKeywords": ["tea", "breakfast", "bed", "comfortable", "clean"], "categories": ["food", "emotional_descriptions", "facility"], "userImg": "user-img.png"}, {"user_name": "Phil V", "user_wrote_time": "Feb 2019", "contriNum": "105 contributions", "helpfulNum": "26 helpful votes", "currentRating": "4.0", "title": "Small but sweet", "content": "Stopped here for 2 night from the 16th of Feb to the 18th, Our room was a deluxe double over looking a little park and numbered 14, The room is small in size but well formed and quite adequate, it had all the mod cons that you would expect and probably some you would not expect, it was very clean and comfy but limited for storage because of size , it has a shower in the bathroom but you could not get to the sink properly with the door open but once inside it was fine, you get the usual towels and a hair drier and the complimentary soap and shower gels, in your room there is a fridge and tea and coffee facilities and also what is called a Handy which is a little l android type phone you can use for finding places or even making free calls , yes free, never come across this before", "time": " February 2019", "helpful_vote": 1, "polarity": 0.668, "keywords": "['fridge', 'bathroom', 'tea', 'shower', 'towels']", "matchKeywords": ["fridge", "bathroom", "tea", "shower", "towels"], "categories": ["facility", "food"], "userImg": "user-img.png"}, {"user_name": "snapeshirley", "user_wrote_time": "Feb 2019", "contriNum": "47 contributions", "helpfulNum": "36 helpful votes", "currentRating": "5.0", "title": "Great hotel", "content": "Minutes away from Earls Court Tube, M & S Simply Food, chemists and other shops close by. Pub on corner. Welcoming reception staff. Hotel room has everything you need, fridge, ironing facilities, bathrobes, mood lighting, temperate heat controls, blackout curtains. The beds were very comfortable and our twin room was on the 3rd floor at the rear and no noise. Breakfast was a simple continental with good coffee from the machine. The staff were all very polite and will defiantly book again when returning to London. Costwise the hotel offers value for money at a smaller hotel.", "time": " February 2019", "helpful_vote": 1, "polarity": 0.592, "keywords": "['coffee', 'fridge', 'breakfast', 'hotel', 'pub']", "matchKeywords": ["coffee", "fridge", "breakfast", "hotel", "pub"], "categories": ["food", "facility"], "userImg": "user-img.png"}, {"user_name": "Sar W", "user_wrote_time": "Jan 2019", "contriNum": "10 contributions", "helpfulNum": "9 helpful votes", "currentRating": "4.0", "title": "Miniature Hotel for small people!", "content": "This hotel is clean, efficient and stylish.  It is very close to Earl's Court Tube, overlooking a pleasant square in a typical old London terraced street.  The room I was in was small, but beautifully equipped.  The one issue was the TINY bathroom which smelled faintly of drains.  One cannot bend down  in the shower to soap one's feet, for instance! The gap between the sink and shower was only just wide  enough to fit through.  I am not overweight and am only 5'2\", but I found it a squeeze.  The breakfast tables and stools are small, too.  Not enough space to read a paper at the table.  Having said that, it was a good, convenient, easy stay.  ", "time": " January 2019", "helpful_vote": 1, "polarity": -0.105, "keywords": "['bathroom', 'soap', 'shower', 'stylish', 'sink']", "matchKeywords": ["bathroom", "soap", "shower", "stylish", "sink"], "categories": ["facility", "emotional_descriptions"], "userImg": "user-img.png"}, {"user_name": "Amy", "user_wrote_time": "Jan 2019", "contriNum": "34 contributions", "helpfulNum": "29 helpful votes", "currentRating": "4.0", "title": "One night in London ", "content": "Cute hotel in a walk up. Friendly staff, great breakfast, and clean. Perfectly located next to pubs and only about a mile walk to Harrods and Victoria and Albert museum. Definitely would stay again and South Kensington is fun nice local feel.", "time": " January 2019", "helpful_vote": 2, "polarity": 0.929, "keywords": "['hotel', 'breakfast', 'clean', 'friendly', 'cute']", "matchKeywords": ["hotel", "breakfast", "clean", "friendly"], "categories": ["emotional_descriptions", "facility", "food"], "userImg": "user-img.png"}, {"user_name": "Demetra P", "user_wrote_time": "Jan 2019", "contriNum": "68 contributions", "helpfulNum": "12 helpful votes", "currentRating": "5.0", "title": "Small, clean, friendly hotel.", "content": "We stayed at the Henley House Hotel for 5 nights in late December, early January. It is literally a stoner's throw away  from Earl's Court tube station and we had no problems at all getting around.  Checking in was swift and there was some information given about breakfast hours etc.   Yes rooms might be a bit on the small side, but we had no problems with that, especially since we were out and about all day sightseeing. Rooms were clean, and the bed was comfortable.  Will definitely stay there again.", "time": " December 2018", "helpful_vote": 1, "polarity": 0.614, "keywords": "['breakfast', 'december', 'january', 'hotel', 'bed']", "matchKeywords": ["breakfast", "december", "hotel", "bed"], "categories": ["food", "facility", "time"], "userImg": "user-img.png"}, {"user_name": "dohaelleithy", "user_wrote_time": "Dec 2018", "contriNum": "281 contributions", "helpfulNum": "33 helpful votes", "currentRating": "5.0", "title": "Great Hotel", "content": "I really enjoyed my stay at this hotel. clean room and friendly staff. I knew that the owner is Muslim so all the food is halal and no alcohol. The hotel is 2 mins walk away from Earl's Court underground station. You will feel at home.", "time": " November 2018", "helpful_vote": 0, "polarity": 0.245, "keywords": "['muslim', 'hotel', 'home', 'clean', 'food']", "matchKeywords": ["hotel", "home", "clean", "food"], "categories": ["emotional_descriptions", "facility", "food"], "userImg": "user-img.png"}, {"user_name": "Stefani S", "user_wrote_time": "Nov 2018", "contriNum": "36 contributions", "helpfulNum": "8 helpful votes", "currentRating": "5.0", "title": "Awesome hotel", "content": "We stayed here 3 nights. The hotel provided us with breakfast and an unlimited data cell phone to navigate the city. The room was very nice. Staff was very helpful and nice. Great location nearby a train station and good restaurants. I would recommend this hotel to anyone and would love to stay again.", "time": " November 2018", "helpful_vote": 1, "polarity": 0.701, "keywords": "['breakfast', 'hotel', 'restaurants', 'unlimited', 'nights']", "matchKeywords": ["breakfast", "hotel", "restaurants", "nights"], "categories": ["facility", "food", "time"], "userImg": "user-img.png"}, {"user_name": "britgal1160", "user_wrote_time": "Nov 2018", "contriNum": "43 contributions", "helpfulNum": "11 helpful votes", "currentRating": "5.0", "title": "Lovely stay! ", "content": "We enjoyed 2 separate stays @ this small & friendly hotel in October & November.  Room 23 is perfect for 2 people & enjoy a balcony overlooking gorgeous park across street. Staff is very nice & provide a lovely breakfast including cappuccino machine, every morning. Rooms are small but Oefficient.  Very modern. A complimentary cell phone is included and is very helpful to have!  If you’re looking for a great tour while visiting...check out Cotswolds Guided Tours .  Awesome day trip from Earls Court. ", "time": " November 2018", "helpful_vote": 2, "polarity": 0.805, "keywords": "['breakfast', 'hotel', 'morning', 'gorgeous', 'complimentary']", "matchKeywords": ["breakfast", "hotel", "morning", "complimentary"], "categories": ["food", "facility", "time", "emotional_descriptions"], "userImg": "user-img.png"}, {"user_name": "Rebecca B", "user_wrote_time": "Nov 2018", "contriNum": "1 helpful vote", "helpfulNum": "0", "currentRating": "5.0", "title": "Great stay would recommend", "content": "Staff were excellent and friendly room was modest in size but very well designed not to feel small. The room had excellent facilities to a high tech spec. Our room had a balcony that looked out over the garden in the square.", "time": " November 2018", "helpful_vote": 1, "polarity": 0.881, "keywords": "['friendly', 'balcony', 'modest', 'small', 'garden']", "matchKeywords": ["friendly", "small"], "categories": ["emotional_descriptions"], "userImg": "user-img.png"}, {"user_name": "T4167YRgarytee", "user_wrote_time": "Oct 2018", "contriNum": "37 contributions", "helpfulNum": "30 helpful votes", "currentRating": "5.0", "title": "Good hotel near tube and restaurants.", "content": "Second stay at Henley House Hotel. Minutes from Earl's Court tube station, (Piccadilly and District lines). Many nearby restaurants and pubs (try the Courtfield!)  Quiet side street, nice neighborhood grocery nearby. Continental Breakfast ok but somewhat limited. Accommodating, nice, friendly staff. Free mobile phone to use during your stay. Rooms clean, updated. Has a Lift. We would stay again.", "time": " September 2018", "helpful_vote": 1, "polarity": 0.644, "keywords": "['restaurants', 'breakfast', 'hotel', 'pubs', 'grocery']", "matchKeywords": ["restaurants", "breakfast", "hotel", "pubs", "grocery"], "categories": ["facility", "food"], "userImg": "user-img.png"}, {"user_name": "Steve B", "user_wrote_time": "Oct 2018", "contriNum": "77 contributions", "helpfulNum": "26 helpful votes", "currentRating": "5.0", "title": "So good!", "content": "We only stayed for one night as a surprise trip to London. Cracking location and literally a 2 minute walk from Earl’s Court Tube Station. Really helpful and pleasant reception staff made checking in simple. The room itself was bijou and absolutely fantastic. Lovely comfy bed, great bathroom and tea making facilities. Clean, tidy and simplistic with a boutique feel. Really couldn’t fault anything about this place and would happily stay again and again and again.....", "time": " October 2018", "helpful_vote": 1, "polarity": 0.552, "keywords": "['tea', 'bathroom', 'london', 'bed', 'comfy']", "matchKeywords": ["tea", "bathroom", "london", "bed", "comfy"], "categories": ["facility", "food", "loation_surroundings", "emotional_descriptions"], "userImg": "user-img.png"}, {"user_name": "ralphwalker747", "user_wrote_time": "Oct 2018", "contriNum": "61 contributions", "helpfulNum": "41 helpful votes", "currentRating": "5.0", "title": "Another wonderful stay at Henley House", "content": "For the 5th year in a row we have stayed at the Henley House in Barkston Gdns Earl's Court. 5 mins walk from Earl's Court tube station, wonderful service from all the staff and for London the hotel is well  priced. Good continental breakfast and quiet rooms. We suggest  a room at the rear of the hotel", "time": " September 2018", "helpful_vote": 1, "polarity": 0.776, "keywords": "['hotel', 'breakfast', '5th', 'london', 'house']", "matchKeywords": ["hotel", "breakfast", "london"], "categories": ["facility", "food", "loation_surroundings"], "userImg": "user-img.png"}, {"user_name": "Hans_Sachs", "user_wrote_time": "Sep 2018", "contriNum": "315 contributions", "helpfulNum": "197 helpful votes", "currentRating": "5.0", "title": "A quiet hotel near Earl's Court tube station - quite a find.", "content": "The Henley House Hotel is just round the corner from Earl's Court Station - easy access to the rest of London - tucked away in a quiet back street called Barkston Gardens.  It was exactly what we wanted: a convenient, yet quiet location. Not an easy combination to find. It was even within walking distance of the Albert Hall. Our room had a balcony, looking out onto a small private park. For most of our visit we were not bothered by noise (except for one occasion when a jet-lagged visitor in the room next to ours watched stand-up comedy on TV until the small hours). Breakfast was included. Pretty good coffee and croissants, with cold cuts and boiled eggs for those who like that sort of thing. Wi-fi was also included, plus a complementary mobile phone.  Staff were friendly and", "time": " September 2018", "helpful_vote": 1, "polarity": 0.306, "keywords": "['hotel', 'croissants', 'breakfast', 'private', 'coffee']", "matchKeywords": ["hotel", "croissants", "breakfast", "coffee"], "categories": ["food", "facility"], "userImg": "user-img.png"}, {"user_name": "Dontchu", "user_wrote_time": "Sep 2018", "contriNum": "4 contributions", "helpfulNum": "2 helpful votes", "currentRating": "5.0", "title": "Amazing Experience!", "content": "Our first trip to London, we chose the Henley House Hotel because of the location and charm. It offered SO much more. It is truly one of the best experiences I’ve ever had. Roberta at the front desk was beyond helpful and such a pleasure to work with. I accidentally left my sunglasses somewhere within the hotel and realized when I was out and about. I called her and she found them, and put them in my room for me. They go above and beyond for their guests.  They offer discounts to tours and a free English style breakfast every morning, in the cutest little sun room.  It is the PERFECT location, as it is walking distance from Buckingham Palace, and 2 blocks from the tube.  I highly recommend this hotel! You will get the best experience! Will 100% be staying here again!", "time": " September 2018", "helpful_vote": 2, "polarity": 0.712, "keywords": "['breakfast', 'cutest', 'hotel', 'morning', 'sun']", "matchKeywords": ["breakfast", "hotel", "morning"], "categories": ["food", "facility", "time"], "userImg": "user-img.png"}, {"user_name": "lsmilo", "user_wrote_time": "Sep 2018", "contriNum": "10 contributions", "helpfulNum": "6 helpful votes", "currentRating": "5.0", "title": "Lovely location, room, staff and breakfast ", "content": "Arrived after a long flight from the US to find a friendly, helpful reception, timely and lovely, yet simple, breakfast and eventually, when ready in the afternoon as promised, a clean welcoming room While small room and elevator is small, consistent with what we saw in the pics  Location super convenient to the Tubes, even with luggage in tow  Enjoy!", "time": " August 2018", "helpful_vote": 2, "polarity": 0.98, "keywords": "['breakfast', 'afternoon', 'timely', 'elevator', 'welcoming']", "matchKeywords": ["breakfast", "afternoon", "elevator", "welcoming"], "categories": ["food", "time", "facility", "emotional_descriptions"], "userImg": "user-img.png"}, {"user_name": "terrylovesthesun", "user_wrote_time": "Aug 2018", "contriNum": "162 contributions", "helpfulNum": "30 helpful votes", "currentRating": "5.0", "title": "A Gem of a boutique hotel in London!", "content": "I am so happy I found this hotel on expedia!  Wonderful little hotel close to Earls court tube station. Staff very friendly and helpful. Room small but clean and full of what I needed. Small fridge, safe, desk, closet with hangers, tv with local channels, bed was extremely comfortable with a lovely duvet,  and even a cell phone to use when staying! The breakfast was very good. Great choice coffee, (even lattes!) Tea, yogurts, fresh fruit, cereals, cheese, meats, breads, eggs. Quiet location, across from a private garden.  ", "time": " August 2018", "helpful_vote": 1, "polarity": 0.875, "keywords": "['tea', 'yogurts', 'breakfast', 'fridge', 'comfortable']", "matchKeywords": ["tea", "breakfast", "fridge", "comfortable"], "categories": ["food", "facility", "emotional_descriptions"], "userImg": "user-img.png"}, {"user_name": "Marinnaria", "user_wrote_time": "Aug 2018", "contriNum": "14 contributions", "helpfulNum": "14 helpful votes", "currentRating": "4.0", "title": "Quick stop in July", "content": "Great and helpful staff to welcome you in, even though it was late as I arrived. Room was really tidy, but small (as rooms in London usually tend to be)! Breakfast was very simple but enough for me. Kitchen staff friendly. Breakfastroom was tiny, so it was a bit uncomfy  to sit there because the tables and chairs were bolted to the floor. All in all, okay experience. Not too shabby, but also nothing highly fancy.", "time": " July 2018", "helpful_vote": 1, "polarity": 0.076, "keywords": "['breakfastroom', 'kitchen', 'breakfast', 'shabby', 'tiny']", "matchKeywords": ["kitchen", "breakfast", "tiny"], "categories": ["facility", "food", "emotional_descriptions"], "userImg": "user-img.png"}, {"user_name": "Marcel N", "user_wrote_time": "Aug 2018", "contriNum": "1 helpful vote", "helpfulNum": "0", "currentRating": "5.0", "title": "Lovely hotel, cell-phone with free access", "content": "I was several times in London and this hotel is clearly the best that I have visited: The hotel ist located a short distance from the main road and the underground station Earl's Court (only 3 minutes on foot). It's very quiet, modern rooms, friendly staff and you get a cell-phone with free access (unlimited internet and no telephone conversation fees, not even abroad). It's worth to visit!", "time": " August 2018", "helpful_vote": 1, "polarity": 0.55, "keywords": "['london', 'hotel', 'internet', 'unlimited', 'free']", "matchKeywords": ["london", "hotel", "internet", "free"], "categories": ["facility", "loation_surroundings", "emotional_descriptions"], "userImg": "user-img.png"}, {"user_name": "Slesl", "user_wrote_time": "Aug 2018", "contriNum": "276 contributions", "helpfulNum": "162 helpful votes", "currentRating": "4.0", "title": "Great hotel, poor breakfast service", "content": "I stayed here while in business as I fancied a night away from the corporate rooms of the chain hotels.   Check in was polite and efficient. Room was really good and bathroom huge and clean.   I ate in the bar and the options were decent enough but the restaurant has a broader choice.  Sadly, I waited an age for poached eggs and toast for breakfast. I had to give up in the end. Such a disappointment after a great stay.  I’ll return. ", "time": " July 2018", "helpful_vote": 2, "polarity": 0.024, "keywords": "['breakfast', 'restaurant', 'hotels', 'toast', 'corporate']", "matchKeywords": ["breakfast", "restaurant", "hotels"], "categories": ["facility", "food"], "userImg": "user-img.png"}, {"user_name": "BTR", "user_wrote_time": "Jul 2018", "contriNum": "67 contributions", "helpfulNum": "11 helpful votes", "currentRating": "4.0", "title": "Convenient and modern hotel", "content": "I stayed here with my friend for two nights.  The room was modern, with a great charging station (including a USB port).  The bathroom was quite modern as well, and everything was clean.  The only issue with the room was its size -- we could barely fit our luggage in the space.  Given that we were really only in the room to sleep, this was not a huge problem.  Breakfast was nice and served in a comfortable side room on the main floor.  The front staff was friendly and helpful (printing off tickets, giving us pub recommendations).  Our room was unfortunately not ready at the stated check-in time, so we did have to wait longer than desired after a grueling day and a half of transatlantic travel.    Definitely stop by the Hansom Cab nearby for its fantastic Sunday dinner.", "time": " July 2018", "helpful_vote": 1, "polarity": 0.297, "keywords": "['breakfast', 'bathroom', 'dinner', 'pub', 'sleep']", "matchKeywords": ["breakfast", "bathroom", "dinner", "pub", "sleep"], "categories": ["food", "facility", "emotional_descriptions"], "userImg": "user-img.png"}, {"user_name": "Alexandra D", "user_wrote_time": "Jul 2018", "contriNum": "29 contributions", "helpfulNum": "16 helpful votes", "currentRating": "4.0", "title": "Small but perfectly formed, best for Slim Jim’s!", "content": "Great location just 2 minutes from a Earl’s Court tube, perfect base to explore London. If you are staying one or two nights the rooms are adequate, however if you have large bags you will seriously have an issue with space.   Rooms are well thought out with the limited space in mind. A bigger than average person may want to rethink where they stay as there is limited space to move especially in the bathroom.  Nice breakfast spread, Continental style which suited us just fine.", "time": " July 2018", "helpful_vote": 0, "polarity": 0.254, "keywords": "['breakfast', 'bathroom', 'london', 'nights', 'rethink']", "matchKeywords": ["breakfast", "bathroom", "london", "nights"], "categories": ["food", "facility", "loation_surroundings", "time"], "userImg": "user-img.png"}, {"user_name": "Kyle G", "user_wrote_time": "Jul 2018", "contriNum": "67 contributions", "helpfulNum": "61 helpful votes", "currentRating": "3.0", "title": "Good Enough", "content": "With a lovely location and a nice room, I found this hotel to be a good spot for a night or two.  For any activities in Central London, especially near South Kensington, this is the perfect launch pad.  Easy access to LHR via the Piccadilly Line from Earls Court.  The staff was genuinely kind upon arrival and even made arrangements to let me check-in quite late with no issues.  I found the room to be clean enough and the style and size to be better than average for a London hotel.  While the wifi worked okay, it could be improved on the top floor.  My only true complaint is that the air conditioning would not cool the room.  It may be due to user error as the thermostat was a bit tricky, but every setting I selected would push out moderately cool air for a few minutes before", "time": " July 2018", "helpful_vote": 0, "polarity": 0.229, "keywords": "['hotel', 'wifi', 'thermostat', 'clean', 'improved']", "matchKeywords": ["hotel", "wifi", "clean"], "categories": ["facility", "emotional_descriptions"], "userImg": "user-img.png"}, {"user_name": "Steve B", "user_wrote_time": "Jul 2018", "contriNum": "56 contributions", "helpfulNum": "48 helpful votes", "currentRating": "3.0", "title": "Just OK", "content": "Stayed at this hotel for its proximity and ease of getting to Wimbledon. The hotel is clean, modern and in a great location. Staff polite and the breakfast is great! So the down sides-I’ve stayed in London many times and do appreciate that space is of a premium. However, I’ve stayed in hotels that are less expensive with far greater floor space. Shower was tiny and difficult to lather up properly. When we returned from being out for the day, I had to go and ask for more toilet roll as the maid hadn’t left any! Over priced for what you get is my lasting memory! ", "time": " July 2018", "helpful_vote": 2, "polarity": -0.1, "keywords": "['wimbledon', 'breakfast', 'hotel', 'shower', 'maid']", "matchKeywords": ["breakfast", "hotel", "shower", "maid"], "categories": ["facility", "food", "companion"], "userImg": "user-img.png"}, {"user_name": "Lynsey T", "user_wrote_time": "Jul 2018", "contriNum": "22 contributions", "helpfulNum": "1 helpful vote", "currentRating": "5.0", "title": "Best hotel I’ve stayed at ", "content": "This is by far my favourite hotel, rooms were great even came with a mobile phone to use to call anywhere for free ! The breakfast was great & the staff were so helpful ! Nicest staff ever  Would definitely recommend this hotel if coming to earls court ! Nice & close to train station ", "time": " July 2018", "helpful_vote": 0, "polarity": 0.997, "keywords": "['nicest', 'favourite', 'breakfast', 'hotel', 'helpful']", "matchKeywords": ["favourite", "breakfast", "hotel", "helpful"], "categories": ["emotional_descriptions", "food", "facility"], "userImg": "user-img.png"}, {"user_name": "Eliezer_Shalev", "user_wrote_time": "Jul 2018", "contriNum": "9 contributions", "helpfulNum": "3 helpful votes", "currentRating": "5.0", "title": "Friendly staff, immaculately kept, cool stylish decor, super location", "content": "This is a small hotel (20 rooms maybe?) in a 6-storey Victorian townhouse, very nicely kept, lovely location overlooking the garden square, steps from the Blackbird pub which does good food, a few steps further on being the Earl's Court underground station which is a straight shot to Heathrow, to Victoria for Gatwick and to King's Cross/St. Pancras for the Paris train; plus only 10 minutes to Piccadilly Circus/central London.  Simple but very adequate breakfast in the bright conservatory-style breakfast room.  I wish there were electrical outlets next to the bed instead of across the room because who nowadays doesn't have a phone/iPad/computer they use in bed?  However that's a minor complaint and we'd happily book a room there again.  I give it 5 out of 5.", "time": " June 2018", "helpful_vote": 0, "polarity": 0.135, "keywords": "['townhouse', 'breakfast', 'victorian', 'hotel', 'paris']", "matchKeywords": ["breakfast", "hotel"], "categories": ["food", "facility"], "userImg": "user-img.png"}, {"user_name": "John R", "user_wrote_time": "Jun 2018", "contriNum": "297 contributions", "helpfulNum": "124 helpful votes", "currentRating": "5.0", "title": "Good value and a great location", "content": "The Henley House is a short walk from Earl's Court tube station on the Piccadilly line, which means no changes if coming from Heathrow airport. It's conveniently situated for some of the big museums and the local area is well supplied with eating places of all types. The staff are friendly and efficient and the hotel modern and clean. Our room had all required facilities, but was rather small. The buffet breakfast is excellent. We would definitely stay here again.", "time": " June 2018", "helpful_vote": 0, "polarity": 0.356, "keywords": "['breakfast', 'buffet', 'hotel', 'efficient', 'clean']", "matchKeywords": ["breakfast", "buffet", "hotel", "efficient", "clean"], "categories": ["food", "emotional_descriptions", "facility"], "userImg": "user-img.png"}, {"user_name": "MarlaToronto", "user_wrote_time": "Jun 2018", "contriNum": "166 contributions", "helpfulNum": "47 helpful votes", "currentRating": "5.0", "title": "Home away from home", "content": "Every year I somehow to find myself across the pond and at the best boutique hotel in London! Great staff, marvellous rooms, immaculate with all the latest technology, terrific breakfast! We always stay in Room 12 because it is at the front of the hotel with view of a small private park across the street. This year the surrounding townhouses we’re celebrating  their jazz weekend!", "time": " May 2018", "helpful_vote": 0, "polarity": 0.677, "keywords": "['jazz', 'weekend', 'townhouses', 'hotel', 'celebrating']", "matchKeywords": ["weekend", "hotel"], "categories": ["time", "facility"], "userImg": "user-img.png"}, {"user_name": "Christian C", "user_wrote_time": "Jun 2018", "contriNum": "1 contribution", "helpfulNum": "0", "currentRating": "5.0", "title": "Perfect little hotel", "content": "I took my mom to London recently, and we stayed here. We were entirely happy with our stay. The staff is friendly, the breakfasts are great, the rooms and the entire place are spotlessly clean, and it is super convenient. A tube stop is a two minutes walk away, the neighborhood is really nice, and the Blackbird Pub at the end of the street is convivial and warm.", "time": " June 2018", "helpful_vote": 0, "polarity": 0.972, "keywords": "['convivial', 'breakfasts', 'happy', 'warm', 'london']", "matchKeywords": ["breakfasts", "happy", "warm", "london"], "categories": ["emotional_descriptions", "food", "loation_surroundings"], "userImg": "user-img.png"}, {"user_name": "AJOhio", "user_wrote_time": "Jun 2018", "contriNum": "92 contributions", "helpfulNum": "37 helpful votes", "currentRating": "5.0", "title": "Good Location; Enjoyed Stay", "content": "Henley House is located near the Earl's Court Underground station which is very convenient and is also withing walking distance (20-30min) from Kensington Palace and the Victoria and Albert Museum. Parking is difficult to find although there are publicly open garages in the area. Our room was small but well decorated and very clean. Breakfast was a buffet and quite good. The staff were helpful and held our luggage as we arrived before check in time.", "time": " June 2018", "helpful_vote": 0, "polarity": 0.502, "keywords": "['breakfast', 'buffet', 'underground', 'museum', 'garages']", "matchKeywords": ["breakfast", "buffet", "underground"], "categories": ["food", "surrounding_environment"], "userImg": "user-img.png"}, {"user_name": "Katarzyna S", "user_wrote_time": "Jun 2018", "contriNum": "4 contributions", "helpfulNum": "1 helpful vote", "currentRating": "4.0", "title": "Real breakfast included ", "content": "Really nice hotel, I’ve stayed in a single room. Yes the room is small but well planned. They have what I call real breakfast: eggs, toast, yoghurt, croissants and Nutella. No sausage and beans ;) Hotel is very close to Earl’s Court station.", "time": " June 2018", "helpful_vote": 0, "polarity": 0.627, "keywords": "['breakfast', 'croissants', 'eggs', 'toast', 'beans']", "matchKeywords": ["breakfast", "croissants", "eggs"], "categories": ["food"], "userImg": "user-img.png"}, {"user_name": "Maddie Y", "user_wrote_time": "Jun 2018", "contriNum": "18 contributions", "helpfulNum": "2 helpful votes", "currentRating": "4.0", "title": "Quick Trip to London", "content": "We stayed in the room right next to the stairs, breakfast hall & the lobby. It was a small, cozy little room that was the perfect size for my husband and myself. The staff was accommodating when we expressed concerns about the location of the room (too loud) & they offered to switch rooms for us should one become available. They called the next morning, but we ended up declining, for the noise wasn't too bad. There were some banging sounds from the kitchen getting ready for breakfast and some kids/adults talking as they walked past our room in the morning, but it was tolerable and actually worked out great! We were able to bring the comp. breakfast into our room as opposed to sitting in the full breakfast room. Breakfast was very continental.   Our room was clean/comfy for the", "time": " June 2018", "helpful_vote": 0, "polarity": 0.271, "keywords": "['breakfast', 'kitchen', 'morning', 'lobby', 'rooms']", "matchKeywords": ["breakfast", "kitchen", "morning", "lobby", "rooms"], "categories": ["facility", "food", "time"], "userImg": "user-img.png"}, {"user_name": "Julie", "user_wrote_time": "Jun 2018", "contriNum": "46 contributions", "helpfulNum": "82 helpful votes", "currentRating": "5.0", "title": "Delightful lodgings in a convenient location", "content": "We were coming into London especially for a performance of Hamilton (try to see it!!!) and wanted a crash pad in Earl's Court for one night. We like Earl's Court for the ease of transit and proximity to South Ken, but have learned to have low expectations for hotels in the area. Henley House had good reviews and a good price and was just a short block to the tube, so we decided it would do.   From the moment we walked in the door, it exceeded our expectations. We were warmly greeted and checked in, and when I didn't like the room we were shown on the main level (there was nothing wrong with it, I just don't like being on the ground floor of any hotel), we were quickly given another room on the fourth floor with a lovely view over a garden.   The hotel has apparently been", "time": " May 2018", "helpful_vote": 0, "polarity": 0.221, "keywords": "['hotel', 'hotels', 'london', 'night', 'crash']", "matchKeywords": ["hotel", "hotels", "london", "night"], "categories": ["facility", "loation_surroundings", "time"], "userImg": "user-img.png"}, {"user_name": "Janet B", "user_wrote_time": "Jun 2018", "contriNum": "4 contributions", "helpfulNum": "0", "currentRating": "5.0", "title": "Excellent locale & amenities", "content": "Really enjoyed my stay here! The hotel was very convenient to the tube and situated in a quiet leafy neighbourhood. The rooms were clean and modern. The breakfast each morning was great and the front desk staff and the ladies serving breakfast were always pleasant. I stayed in a single room on the top floor. It was quiet, comfortable and suited all my needs. I would definitely stay here again! ", "time": " May 2018", "helpful_vote": 0, "polarity": 0.728, "keywords": "['breakfast', 'comfortable', 'clean', 'morning', 'hotel']", "matchKeywords": ["breakfast", "comfortable", "clean", "morning", "hotel"], "categories": ["emotional_descriptions", "food", "time", "facility"], "userImg": "user-img.png"}, {"user_name": "PrudenceAnn", "user_wrote_time": "May 2018", "contriNum": "14 contributions", "helpfulNum": "20 helpful votes", "currentRating": "4.0", "title": "Friendly, helpful staff", "content": "This hotel is a very short walk from Earl's Court tube station. It is very comfortable and there's a lift available to take luggage up to the higher floors. Our room was small but it had everything we needed for the six nights we spent there. There's lovely food for breakfast - fresh rolls every morning and plenty of fruit and yoghurt and cereal - and the breakfast room is charming. But the best feature of the place is the staff: they are so helpful and friendly, it was a pleasure to return in the evening to be met by a friendly greeting. Unfortunately I didn't sleep well as I was very jet-lagged, even though the place was quiet and the beds very comfortable.", "time": " May 2018", "helpful_vote": 1, "polarity": 0.407, "keywords": "['breakfast', 'hotel', 'morning', 'cereal', 'comfortable']", "matchKeywords": ["breakfast", "hotel", "morning", "cereal", "comfortable"], "categories": ["food", "facility", "time", "emotional_descriptions"], "userImg": "user-img.png"}, {"user_name": "EvaHelenaChristina", "user_wrote_time": "May 2018", "contriNum": "72 contributions", "helpfulNum": "10 helpful votes", "currentRating": "4.0", "title": "Pleasant stay in London ", "content": "Well placed near underground station and yet quiet by a green square. Modern and well equipped. Nice conservatory breakfast room. On the negative side the room was small (to be expected in London) and the bed and pillows very hard.", "time": " May 2018", "helpful_vote": 0, "polarity": 0.232, "keywords": "['bed', 'breakfast', 'modern', 'underground', 'pillows']", "matchKeywords": ["bed", "breakfast", "modern", "underground", "pillows"], "categories": ["facility", "food", "emotional_descriptions", "surrounding_environment"], "userImg": "user-img.png"}, {"user_name": "MrsCroza", "user_wrote_time": "May 2018", "contriNum": "1 contribution", "helpfulNum": "0", "currentRating": "4.0", "title": "Little Gem", "content": "Rooms are lovely, clean and quite funky.  Not huge but it doesn’t feel cramped by all means (I am on my own thought)  Fabulous location and friendly and efficient staff. I’d really recommend for the location alone!  Give it a go!", "time": " May 2018", "helpful_vote": 0, "polarity": 0.449, "keywords": "['efficient', 'clean', 'friendly', 'funky', 'fabulous']", "matchKeywords": ["efficient", "clean", "friendly"], "categories": ["emotional_descriptions"], "userImg": "user-img.png"}, {"user_name": "Barry D", "user_wrote_time": "May 2018", "contriNum": "52 contributions", "helpfulNum": "23 helpful votes", "currentRating": "5.0", "title": "A little gem in a great location ", "content": "Spent three nights here and just found the hotel staff really friendly and so helpful. Each morning there was a simple yet very adequate continental breakfast with decent variety. The room I was in was on the top floor and was really well designed. The location was exceptional for the tube station as well as walking to Kensington and exploring the museums. A real gem in London. ", "time": " May 2018", "helpful_vote": 0, "polarity": 0.743, "keywords": "['breakfast', 'morning', 'hotel', 'london', 'nights']", "matchKeywords": ["breakfast", "morning", "hotel", "london", "nights"], "categories": ["time", "food", "facility", "loation_surroundings"], "userImg": "user-img.png"}, {"user_name": "Maik F", "user_wrote_time": "Apr 2018", "contriNum": "319 contributions", "helpfulNum": "68 helpful votes", "currentRating": "4.0", "title": "Cozy and modern hotel", "content": "We choose this hotel as it seems really difficult to find an affordable yet well-maintained hotel. This place definitely is both. The rooms are quite tiny but modern, well equipped and with a modern bathroom. Be aware that the window is not really in good shape so that it gets could - and the heater is barely able to catch up. The complementary breakfast is ok. Friendly staff", "time": " April 2018", "helpful_vote": 0, "polarity": 0.047, "keywords": "['bathroom', 'breakfast', 'hotel', 'modern', 'affordable']", "matchKeywords": ["bathroom", "breakfast", "hotel", "modern", "affordable"], "categories": ["facility", "food", "emotional_descriptions"], "userImg": "user-img.png"}, {"user_name": "vichelly83", "user_wrote_time": "Apr 2018", "contriNum": "21 contributions", "helpfulNum": "6 helpful votes", "currentRating": "4.0", "title": "Newly refurbished hotel in good location", "content": "Hotel is newly refurbished. Very clean and comfortable, and is very close to Earl's Court Station. Breakfast is provided, not a huge spread but sufficient. I personally like the coffee and the croissant best. Just one thing to take note- as there could be guests checking in at any time of the day ( e.g. to store luggage at hotel), it would be good if hotel management could ensure there is at least 1 staff at the reception at all times.  Overall a pleasant stay. Will stay in Henley House Hotel again.", "time": " April 2018", "helpful_vote": 0, "polarity": 0.712, "keywords": "['breakfast', 'coffee', 'hotel', 'croissant', 'refurbished']", "matchKeywords": ["breakfast", "coffee", "hotel"], "categories": ["food", "facility"], "userImg": "user-img.png"}, {"user_name": "rabbithat362", "user_wrote_time": "Apr 2018", "contriNum": "160 contributions", "helpfulNum": "36 helpful votes", "currentRating": "5.0", "title": "Fabulous in every way!", "content": "I recently went here for a party and it was fabulous! The layout of the room doesn’t really allow for a band/disco but it’s a great space for drinks and fun.  The staff were all attentive and friendly. A Hendricks and tonic was £10 At the party we were served small bowls of chilli, risotto etc along with some nibbles - all v tasty. We stayed the night and the room was lovely. Very clean and felt calm and relaxing. The shower was great and bed was the most comfortable hotel bed I’ve slept in! There is some outside space and tables to sit at. I think the only negative I could find would be with the towels! They were more like bathmats, as in thick and hard rather than think and soft. All in all we were very impressed.", "time": " April 2018", "helpful_vote": 0, "polarity": 0.428, "keywords": "['party', 'tasty', 'disco', 'hotel', 'bathmats']", "matchKeywords": ["party", "tasty", "hotel"], "categories": ["travelling_purpose", "emotional_descriptions", "facility"], "userImg": "user-img.png"}, {"user_name": "Gemmaljt", "user_wrote_time": "Apr 2018", "contriNum": "108 contributions", "helpfulNum": "48 helpful votes", "currentRating": "1.0", "title": "Stay at your peril ", "content": "Stayed as part of the marathon spectator party, rooms are ok if you have have a complete disregard for safety. If you are a party of two I suggest book a twin room otherwise throughly view the specifications on website.   Reception team are delightful until you ask fire safety questions, then they will struggle. ", "time": " April 2018", "helpful_vote": 1, "polarity": -0.688, "keywords": "['marathon', 'party', 'website', 'spectator', 'struggle']", "matchKeywords": ["party"], "categories": ["travelling_purpose"], "userImg": "user-img.png"}, {"user_name": "Aredmond110", "user_wrote_time": "Apr 2018", "contriNum": "131 contributions", "helpfulNum": "54 helpful votes", "currentRating": "5.0", "title": "Tiny Beauty ", "content": "This little hotel is a great find in Kensington. Tremendous location and lovely staff. Lots to do in the neighborhood and super easy access to Heathrow via the Piccadilly line. They are tiny rooms, but clean and well designed. Would be a very small space to share, especially the bathrooms, but totally do-able. Reception was very helpful and great places to eat nearby. ", "time": " April 2018", "helpful_vote": 0, "polarity": 0.924, "keywords": "['bathrooms', 'hotel', 'helpful', 'tiny', 'clean']", "matchKeywords": ["bathrooms", "hotel", "helpful", "tiny", "clean"], "categories": ["facility", "emotional_descriptions"], "userImg": "user-img.png"}, {"user_name": "Jill V", "user_wrote_time": "Mar 2018", "contriNum": "74 contributions", "helpfulNum": "18 helpful votes", "currentRating": "5.0", "title": "Absolutely lovely hotel and staff", "content": "We loved the bright, airy mango-sorbet-colored breakfast room with fresh flowers on the tables and delicious breakfasts. We loved the tea and biscuits always available in the lobby. We loved the convenient location near the Earls Court tube stop. And we loved our tiny, cozy room that allowed us to tuck away our luggage and organize our things. The room was like a tidy cabin on a ship, and we were passengers in port with dozens of wonderful nearby shore excursions to visit. We found the Henley House Hotel just right!", "time": " March 2018", "helpful_vote": 0, "polarity": 0.86, "keywords": "['tea', 'biscuits', 'breakfasts', 'mango', 'breakfast']", "matchKeywords": ["tea", "breakfasts", "breakfast"], "categories": ["food"], "userImg": "user-img.png"}, {"user_name": "MinnBoy", "user_wrote_time": "Mar 2018", "contriNum": "14 contributions", "helpfulNum": "5 helpful votes", "currentRating": "5.0", "title": "Earl's Court Gem", "content": "Great little gem off the Earl's Court Road. Very convenient to the Earl's Court Tube station - made for easy run out to Heathrow on the Piccadilly Line on the moring of our departure. Decent selection of restaurants and pubs in the vicinity. Typical London building converted in to a hotel. Excellent, fresh, modern room with great bathroom and amenities. Great spread for the included continental breakfast. The only negative was that there is no convenient electrical outlet near any mirror - had to plug the hairdryer in to an outlet out side the bathroom and stretch to see and use the mirror in the bathroom. Happily stay here again.", "time": " March 2018", "helpful_vote": 0, "polarity": 0.246, "keywords": "['bathroom', 'breakfast', 'hotel', 'restaurants', 'london']", "matchKeywords": ["bathroom", "breakfast", "hotel", "restaurants", "london"], "categories": ["facility", "food", "loation_surroundings"], "userImg": "user-img.png"}, {"user_name": "loulakins", "user_wrote_time": "Feb 2018", "contriNum": "35 contributions", "helpfulNum": "13 helpful votes", "currentRating": "5.0", "title": "Immaculate", "content": "Stayed here for 2 nights.  Superb location, minutes from Earls Court station.  What a super little hotel!  Modern, immaculate bedroom and bathroom.  Only made breakfast one morning, but perfectly adequate. Will definitely be staying again.", "time": " February 2018", "helpful_vote": 0, "polarity": 0.626, "keywords": "['breakfast', 'morning', 'bedroom', 'hotel', 'bathroom']", "matchKeywords": ["breakfast", "morning", "bedroom", "hotel", "bathroom"], "categories": ["facility", "food", "time"], "userImg": "user-img.png"}, {"user_name": "Kiddyangel39", "user_wrote_time": "Feb 2018", "contriNum": "162 contributions", "helpfulNum": "25 helpful votes", "currentRating": "5.0", "title": "70th Birthday trip", "content": "We stayed here for 2 nights and couldn't fault our stay.Room was spotless, everywhere so clean.Staff were lovely, breakfast continental and plentiful.Fantastic location close to tube ideal for our trip to the theatre.Close to West end by train or very reasonable by uber.Exceptionally cold outside and -3 with snow! We were a bit cold first night as planning permission had to have hearing off during night,but heaters were supplied so very warm 2nd night.Beds comfy..room spotlessly fabulous.Would highly recommend.Thank you.", "time": " February 2018", "helpful_vote": 0, "polarity": 0.943, "keywords": "['breakfast', 'comfy', 'warm', 'nights', 'beds']", "matchKeywords": ["breakfast", "comfy", "warm", "nights", "beds"], "categories": ["emotional_descriptions", "food", "time", "facility"], "userImg": "user-img.png"}, {"user_name": "Joey K", "user_wrote_time": "Feb 2018", "contriNum": "27 contributions", "helpfulNum": "8 helpful votes", "currentRating": "4.0", "title": "You better be VERY comfortable with your partner", "content": "The room was as expected for central London, small but not too cramped. It was stylishly designed and finished well, very clean and modern. The bed was big enough and comfortable. Now, the bathroom is the ONLY reason I deducted one star. The bathroom is separated from the room by a thin glass window, not thick frosted glass, clear glass. For 'privacy' there are plastic venetian blinds, which actually don't provide much privacy considering the toilet is less than a meter from someones pillow. If your partner turns the bathroom light on in the night its like they've turned the main lights on. So you'd better be comfortable with having your partner hear your every move in the bathroom (best pray no one gets sick like we did). Apart from that slight design oversight I do recommend", "time": " December 2017", "helpful_vote": 0, "polarity": -0.082, "keywords": "['bathroom', 'toilet', 'bed', 'privacy', 'pillow']", "matchKeywords": ["bathroom", "toilet", "bed", "pillow"], "categories": ["facility"], "userImg": "user-img.png"}, {"user_name": "emiromer", "user_wrote_time": "Jan 2018", "contriNum": "87 contributions", "helpfulNum": "80 helpful votes", "currentRating": "5.0", "title": "Good", "content": "Hotel is very nice when you compare others london hotels Henley is very clean , staffs are very friendly. The hotel is very close to underground station.  Breakfast was weak it should be better  And  there are some rooms on ground floor that no one want to stay", "time": " December 2017", "helpful_vote": 0, "polarity": 0.046, "keywords": "['hotel', 'breakfast', 'london', 'clean', 'hotels']", "matchKeywords": ["hotel", "breakfast", "london", "clean", "hotels"], "categories": ["facility", "food", "loation_surroundings", "emotional_descriptions"], "userImg": "user-img.png"}, {"user_name": "She25", "user_wrote_time": "Jan 2018", "contriNum": "57 contributions", "helpfulNum": "51 helpful votes", "currentRating": "4.0", "title": "Central, modern, quality", "content": "Stayed for one night after visiting the Royal Albert Hall. This hotel is 30 minutes walk from RAH, and 20 from Knightsbridge (we parked in the Q PARK there).  Room is just as described, modern and fresh look with a few little extras like complimentary bottled water in the fridge in the room, white bathrobes, honey and lemon tea to take away from reception. We were on the 4th floor at the back of the hotel, looking out onto the lovely houses in the area. Window opened fully to let in some fresh air, and it was nice and quiet considering the area. Mattress was firmer than most hotels.  Breakfast had freshly baked croissants, meats cheese etc. A coffee machine and boil your own eggs. Staff very pleasant and helpful, although on checking out the receptionist was more interested in", "time": " January 2018", "helpful_vote": 0, "polarity": 0.332, "keywords": "['fridge', 'tea', 'hotel', 'hotels', 'croissants']", "matchKeywords": ["fridge", "tea", "hotel", "hotels", "croissants"], "categories": ["facility", "food"], "userImg": "user-img.png"}, {"user_name": "yannoma", "user_wrote_time": "Jan 2018", "contriNum": "266 contributions", "helpfulNum": "139 helpful votes", "currentRating": "5.0", "title": "One of the best hotels for the price", "content": "Great location and stuff, great very modern newly renovated rooms breakfast with all what you need,  the rooms are nice and i will definitely, recommend to anyone that like to be in london and not use the unspeakable hotels rooms offered for much money. ", "time": " January 2018", "helpful_vote": 0, "polarity": 0.998, "keywords": "['breakfast', 'renovated', 'london', 'modern', 'hotels']", "matchKeywords": ["breakfast", "renovated", "london", "modern", "hotels"], "categories": ["emotional_descriptions", "food", "loation_surroundings", "facility"], "userImg": "user-img.png"}]}