{"name": "Martel_Guest_House", "price": "$90", "img": "holder.js/250x250?theme=thumb", "rating": "4.5", "ratingNum": 7, "reviews": [{"user_name": "Neildavidson", "user_wrote_time": "Sep 2019", "contriNum": "93 contributions", "helpfulNum": "81 helpful votes", "currentRating": "1.0", "title": "Misrepresented", "content": "The picture gave the impression of a spacious bedroom with a large double bed . In fact the room was tiny with the smallest double possible crammed in and a poky bathroom that was an invitation to slip and fall .  The breakfast was totally tasteless and meagre . Will not be visiting again .", "time": " September 2019", "helpful_vote": 2, "polarity": -0.592, "keywords": "['bed', 'bedroom', 'breakfast', 'tasteless', 'bathroom']", "matchKeywords": ["bed", "bedroom", "breakfast", "bathroom"], "categories": ["facility", "food"], "userImg": "user-img.png"}, {"user_name": "foluke2016", "user_wrote_time": "Aug 2019", "contriNum": "70 contributions", "helpfulNum": "26 helpful votes", "currentRating": "4.0", "title": "Looks can be deceptive!", "content": "Even though the guest house does not have curb appeal, the interior is surprisingly good. Breakfast is included I am not really a breakfast person but did make a point of duty to visit the breakfast room, which is compact with outdoor sitting on the small patio in the garden Had a single room, small but every inch well used, with ample space for a TV, cupboard, fridge, safe, coffee/tea station and coffee machine and A/C. The room is tastefully decorated in black.  The bathroom or rather a wet cell was clean but dated, the grouting is in need of repair. Comfortable single bed, which was made every day, regular change of towels and a super-fast Wifi. View from the window is the neighbour's wall! Location is very good a 5 minutes walk to the Underground and bus station. The owner is pleasant and friendly.", "time": " August 2019", "helpful_vote": 1, "polarity": 0.416, "keywords": "['fridge', 'breakfast', 'tea', 'bed', 'bathroom']", "matchKeywords": ["fridge", "breakfast", "tea", "bed", "bathroom"], "categories": ["facility", "food"], "userImg": "user-img.png"}, {"user_name": "julianD5510IX", "user_wrote_time": "Aug 2019", "contriNum": "4 contributions", "helpfulNum": "1 helpful vote", "currentRating": "4.0", "title": "A perfect stay", "content": "I was in London for 2 nights for a business trip and stayed at Martel. Just what I needed! A small homely and clean place in the Jewish neighborhood close to synagogues and Kosher restaurants. The proprietor was very friendly and helpful and the rooms were quiet. A pity their breakfast (which looked very good) was not Kosher. The bathroom was a little too small with a very noisy hot water pump system. On the whole I would recommend and return there myself. Very good value for money.", "time": " July 2019", "helpful_vote": 1, "polarity": 0.281, "keywords": "['kosher', 'breakfast', 'restaurants', 'synagogues', 'london']", "matchKeywords": ["breakfast", "restaurants", "london"], "categories": ["food", "facility", "loation_surroundings"], "userImg": "user-img.png"}, {"user_name": "MonLantau", "user_wrote_time": "Jul 2019", "contriNum": "46 contributions", "helpfulNum": "35 helpful votes", "currentRating": "5.0", "title": "Even better after refurbishment ", "content": "We had a very pleasant stay at The Martel before and always planned to return. This time around it was even better as the place has been upgraded throughout. The new patio off the dining room is perfect for breakfast (we were lucky with the weather), the food selection is good and best of all, the coffee machines in the room churn out amazing coffee. Mr. Martel is always eager to help and ensure things run seamlessly. Everything is spotlessly clean and the place is very convenient for transport and shops, banks and restaurants. ", "time": " July 2019", "helpful_vote": 1, "polarity": 0.946, "keywords": "['breakfast', 'coffee', 'restaurants', 'upgraded', 'dining']", "matchKeywords": ["breakfast", "coffee", "restaurants", "upgraded", "dining"], "categories": ["food", "facility", "emotional_descriptions"], "userImg": "user-img.png"}, {"user_name": "RodneyaB", "user_wrote_time": "Oct 2018", "contriNum": "1 contribution", "helpfulNum": "1 helpful vote", "currentRating": "5.0", "title": "Hidden Jewel", "content": "I am not the B&B type and would never have thought of booking here. It was last minute and my PA booked me at the Martel. Wow was I surprised? The place is spotless and the owner/host \"Phil\" is an excellent host.  The breakfast is first class. He does the cooking himself and it's as good as any 4-star hotel in the city.  Great Job Phil. I will stay again whenever my travels bring me to London. This is a winner.", "time": " October 2018", "helpful_vote": 1, "polarity": 0.409, "keywords": "['breakfast', 'cooking', 'hotel', 'host', 'owner']", "matchKeywords": ["breakfast", "hotel"], "categories": ["food", "facility"], "userImg": "user-img.png"}, {"user_name": "Steinar F", "user_wrote_time": "May 2018", "contriNum": "40 contributions", "helpfulNum": "19 helpful votes", "currentRating": "5.0", "title": "A peaceful place to stay", "content": "We'we been here before - and we'll most certainly come back next year (or earlier)! Last year we stayed down town (near Paddington Stn.) because some of our family members wanted to, but this year both economy and experience from earlier stays made the choice easy - Golders Green and Martel Guest House! Thank you Phil, for a nice 4 nights stay at your b&b. Here we find clean quiet rooms, nice beds, great breakfast and a very friendly staff!", "time": " May 2018", "helpful_vote": 2, "polarity": 0.324, "keywords": "['breakfast', 'nights', 'guest', 'family', 'economy']", "matchKeywords": ["breakfast", "nights", "family"], "categories": ["food", "time", "companion"], "userImg": "user-img.png"}, {"user_name": "Rahul D", "user_wrote_time": "Apr 2018", "contriNum": "6 contributions", "helpfulNum": "3 helpful votes", "currentRating": "5.0", "title": "Cozy and comfortable with a charming owner", "content": "We stayed at the Martel guest house during our recent visit to London and was pleased with the property and particularly the owner Phil Martel. Phil is an outright gentleman who will do everything possible to make your stay comfortable. We booked the family room for our family of 2 adults and 2 kids. The room and the bathroom was neat and clean and opened to a pleasing backyard. The bathroom was small particularly the shower stall but I guess, we are a bit spoilt in the US. Note that the water heater in the shower (at least in our room) is tankless and can take a bit of time to heat up. We were fine with the amenities and got adjusted pretty quickly.  The guest house is in a quiet neighborhood in Golders Green and easily accessible from the tube (northern line) and bus station.", "time": " March 2018", "helpful_vote": 2, "polarity": 0.21, "keywords": "['bathroom', 'shower', 'london', 'house', 'owner']", "matchKeywords": ["bathroom", "shower", "london"], "categories": ["facility", "loation_surroundings"], "userImg": "user-img.png"}]}