{"name": "OYO_Huttons_Hotel", "price": "$82", "img": "holder.js/250x250?theme=thumb", "rating": "3.0", "ratingNum": 103, "reviews": [{"user_name": "brighton27", "user_wrote_time": "Jan 2020", "contriNum": "9 contributions", "helpfulNum": "9 helpful votes", "currentRating": "1.0", "title": "THIS IS A HOSTEL NOT A HOTEL", "content": "This has got to be the worst accommodation I’ve stayed in. It didn’t feel safe, it was dirty, it was a hostel not a hotel and I’m currently trying to get a refund as it was so awful.  Please don’t stay here. I didn’t sleep all night as I was worried that someone could get in through the flimsy door, really bad. AVOID", "time": " January 2020", "helpful_vote": 1, "polarity": -0.995, "keywords": "['awful', 'bad', 'worst', 'dirty', 'sleep']", "matchKeywords": ["awful", "bad", "worst", "dirty", "sleep"], "categories": ["emotional_descriptions"], "userImg": "user-img.png"}, {"user_name": "Angy", "user_wrote_time": "Jan 2020", "contriNum": "31 contributions", "helpfulNum": "72 helpful votes", "currentRating": "4.0", "title": "Very kind", "content": "great location, 10 minutes walk from coach station.  the rooms are suitable for short-term overnight stays and in general could be cleaner.  The staff is helpful and kind, upon arrival we asked to be able to add a person without any extra charge even though my booking was for 3. absolutely recommended for value for money!", "time": " January 2020", "helpful_vote": 2, "polarity": 0.017, "keywords": "['overnight', 'cleaner', 'helpful', 'minutes', '10']", "matchKeywords": ["overnight", "cleaner", "helpful", "minutes"], "categories": ["service", "time", "emotional_descriptions"], "userImg": "user-img.png"}, {"user_name": "Jezreel", "user_wrote_time": "Dec 2019", "contriNum": "1 contribution", "helpfulNum": "0", "currentRating": "1.0", "title": "Bad hotel", "content": "This hotel looked good on the pictures before we booked it.. when we arrived the hotel was covered with scaffolding. The rooms were really small with no place to sit besides the beds and the beds were really dirty with stains all over it. The pillows were nearly flat so you might as well not use them. We opened a window and looked into a hallway with corrugated metal sheets as a ceiling. It was really creepy and looked like it was gonna fall apart. I guess the only positive thing was that the location. You are close to the underground station. Besides that there were no benefits and I wouldn’t recommend this hotel if you want to sleep on clean beds.", "time": " December 2019", "helpful_vote": 0, "polarity": -0.708, "keywords": "['creepy', 'hallway', 'beds', 'underground', 'stains']", "matchKeywords": ["beds", "underground", "stains"], "categories": ["facility", "surrounding_environment"], "userImg": "user-img.png"}, {"user_name": "Pioneer60125904981", "user_wrote_time": "Dec 2019", "contriNum": "50 contributions", "helpfulNum": "25 helpful votes", "currentRating": "3.0", "title": "Average hotel", "content": "We stayed 1 night and were in a room downstairs which had its own front door as it was part outside which we didn’t know and was a bit of a weird concept , hotel is a really good location not far from Victoria station and the beds were clean and comfy, staff were also very good with us leaving baggage before and after check in however the room was pricey , tiny and  bathroom was not the best I think you could get a better option for the money you pay ", "time": " December 2019", "helpful_vote": 1, "polarity": 0.203, "keywords": "['bathroom', 'hotel', 'pricey', 'beds', 'downstairs']", "matchKeywords": ["bathroom", "hotel", "pricey", "beds"], "categories": ["facility", "emotional_descriptions"], "userImg": "user-img.png"}, {"user_name": "Samantha R", "user_wrote_time": "Dec 2019", "contriNum": "12 contributions", "helpfulNum": "4 helpful votes", "currentRating": "2.0", "title": "Just okay", "content": "The rooms at this hotel are small but very clean, I will give them that. The beds were comfy minus the pillows which might as well have not been there as they were that flat. There's no space to just sit and relax in your room other than the bed so we spent most of our time out to avoid being in it.  The loacation of this hotel is one if it's best features. Staff were very friendly although we did not have many interactions with them.  The breakfast was the biggest let down. The room was too small to fit all of the guests and the variety of food available was shocking. No English breakfast was served so the options were; bread, cereal, meat or cheese (all of which seemed to be the cheapest available as the quality of the food was terrible).  We would not stay here again and", "time": " December 2019", "helpful_vote": 0, "polarity": -0.47, "keywords": "['cheapest', 'bed', 'breakfast', 'beds', 'hotel']", "matchKeywords": ["bed", "breakfast", "beds", "hotel"], "categories": ["facility", "food"], "userImg": "user-img.png"}, {"user_name": "Sean G", "user_wrote_time": "Dec 2019", "contriNum": "68 contributions", "helpfulNum": "15 helpful votes", "currentRating": "2.0", "title": "Not worth the price", "content": "Bed was comfy but the pillow was non existant ,1 flat pillow which was so uncomfy we both had to fold it over and sleep on a small part. The breakfast was useless.I dont know what it was! Not full english breakfast. Not even continental. Toast Crumpets Cereal Small muffins Cheese. Very small room nowhere to sit other than the bed. At the time of our stay our view was scaffolding. Tea and coffee in the room but no milk. We paid £108 after a discount this was definatly not worth it.", "time": " December 2019", "helpful_vote": 0, "polarity": -0.82, "keywords": "['sleep', 'bed', 'tea', 'pillow', 'breakfast']", "matchKeywords": ["sleep", "bed", "tea", "pillow", "breakfast"], "categories": ["facility", "food", "emotional_descriptions"], "userImg": "user-img.png"}, {"user_name": "MerryWeather15", "user_wrote_time": "Nov 2019", "contriNum": "9 contributions", "helpfulNum": "1 helpful vote", "currentRating": "1.0", "title": "Could not believe it!", "content": "We arrived after a long journey to find the hotel completely covered with scaffolding and workers drilling. Worst experience ever. Had to find a new hotel with 3 tired hungry children. Waste of time and disappointment!", "time": " November 2019", "helpful_vote": 0, "polarity": -0.978, "keywords": "['hungry', 'disappointment', 'worst', 'tired', 'waste']", "matchKeywords": ["worst", "tired"], "categories": ["emotional_descriptions"], "userImg": "user-img.png"}, {"user_name": ".J.", "user_wrote_time": "Oct 2019", "contriNum": "22 contributions", "helpfulNum": "54 helpful votes", "currentRating": "5.0", "title": "Great place!", "content": "I stayed in Hotel Huttons in the middle of October 2019 and I definitely recommend this place.  First of all - location. Hotel is nearby Victoria station (10 minutes walk) so when I travelled from Stansted Airport I didn't have to take metro, bus etc to reach to the hotel. Also, there is Pimlico underground station nearby. Actually, there is no need to take metro because many monumets, popular places are close by, such as buckingham palace, London Eye, Piccadilly  etc. Only Tower bridge is far away. About the hotel. The room that I stayed in, was pretty small but very cosy. Bathroom was clean. There was a kettle in a room which is a huge plus, because after rainy and cold day - cup of tea is much needed. Also, there were sugar, tea, and coffee. Room was cleaned up everyday and", "time": " October 2019", "helpful_vote": 3, "polarity": 0.308, "keywords": "['tea', 'pimlico', 'hotel', 'october', 'london']", "matchKeywords": ["tea", "pimlico", "hotel", "october", "london"], "categories": ["loation_surroundings", "food", "facility", "time"], "userImg": "user-img.png"}, {"user_name": "Redbean23", "user_wrote_time": "Oct 2019", "contriNum": "8 contributions", "helpfulNum": "3 helpful votes", "currentRating": "5.0", "title": "NYC West Village vibe in London", "content": "What can I say, long over due post.  London, England one of my fave places to venture. My now husband and I, get on the underground get off at Pimlico station and walk to the flat at this hotel. Eat at Grumbles. Yum for dinner..  It’s what you need. Great service, clean, rest your head, quick breakfast in the heart of London. Walking distance with great rates.  Simply lovely and pleased to have stayed here twice. Cheers!! ", "time": " November 2018", "helpful_vote": 1, "polarity": 0.453, "keywords": "['breakfast', 'pimlico', 'london', 'dinner', 'hotel']", "matchKeywords": ["breakfast", "pimlico", "london", "dinner", "hotel"], "categories": ["food", "loation_surroundings", "facility"], "userImg": "user-img.png"}, {"user_name": "WessexRed", "user_wrote_time": "Oct 2019", "contriNum": "203 contributions", "helpfulNum": "96 helpful votes", "currentRating": "3.0", "title": "Exactly What I Expected ", "content": "I had to come up to London for one night before an early start in Victoria the next morning. I was looking for a cheap hotel simply to spend the night. OK so the hotel is old fashioned, narrow stairs and in my single room there was not enough space to swing the proverbial cat but......to be fair it was clean, with a comfortable bed, hot though tiny shower and the reception guy was helpful. Really for £80 for the night in this part of London I got what I paid for, nothing more, nothing less.", "time": " October 2019", "helpful_vote": 0, "polarity": -0.582, "keywords": "['cat', 'hotel', 'bed', 'london', 'night']", "matchKeywords": ["hotel", "bed", "london", "night"], "categories": ["facility", "loation_surroundings", "time"], "userImg": "user-img.png"}, {"user_name": "Brian C", "user_wrote_time": "Oct 2019", "contriNum": "19 contributions", "helpfulNum": "15 helpful votes", "currentRating": "3.0", "title": "Get what you pay for?", "content": "My story's largely similar to others: this hotel is in a great location near Pimlico station,  some pretty decent restaurants, and the Thames for that moonlight stroll.  We strolled quite a lot in fact, largely to avoid being in our tiny, stuffy double room. The staff were friendly enough, the room nice & clean, the (comfortable) bed made and the tea & coffee topped up every day. But that room was tiny. The shower-room was tiny. I had to dance about in the shower to get wet, such was the low water pressure. There were no chairs to sit on - just the bed.  Maybe I'm just not used to London hotel prices. I just think £120 a night should get you more than this.", "time": " October 2019", "helpful_vote": 1, "polarity": -0.516, "keywords": "['tea', 'shower', 'hotel', 'restaurants', 'moonlight']", "matchKeywords": ["tea", "shower", "hotel", "restaurants"], "categories": ["facility", "food"], "userImg": "user-img.png"}, {"user_name": "Catalano M", "user_wrote_time": "Oct 2019", "contriNum": "1 contribution", "helpfulNum": "0", "currentRating": "1.0", "title": "Huttons hotel.  london", "content": "hotel not serious, on arrival at the airport in London, I get an email from the booking, saying that the reservation was canceled due to over booking. having booked and paid fifteen days before. I had to find another hotel, by paying for the second time. bad service and communication, between hotel and booking .........", "time": " October 2019", "helpful_vote": 1, "polarity": -0.94, "keywords": "['canceled', 'email', 'airport', 'hotel', 'london']", "matchKeywords": ["email", "airport", "hotel", "london"], "categories": ["service", "surrounding_environment", "facility", "loation_surroundings"], "userImg": "user-img.png"}, {"user_name": "691onab", "user_wrote_time": "Sep 2019", "contriNum": "4 contributions", "helpfulNum": "0", "currentRating": "2.0", "title": "Death trap", "content": "The Hutton’s hotel in London is a death trap.  Hallways are very narrow and the so call stairways are a trap.  I watch a middle age woman fall the day before without knowing that it will be my turn the next day.  The elevator was out for a couple minutes and I had no choice but to use the stairs.  I injured my ankle in the process.  The hotel is mediocre, no room to wiggle around.  The bathroom look like a closet and there is no closet, safe or phone to contact the front desk.  I did this trip with Go-Today vacation and will never used them again.  The accommodation is very poor choice and you have no way to contact them unless you do email and wait for them to answer.  They use cheap and poor accommodation.  Location is far from everything and you will use a lot of money taking", "time": " September 2019", "helpful_vote": 0, "polarity": -0.885, "keywords": "['death', 'mediocre', 'closet', 'elevator', 'injured']", "matchKeywords": ["closet", "elevator"], "categories": ["facility"], "userImg": "user-img.png"}, {"user_name": "Gavin R", "user_wrote_time": "Sep 2019", "contriNum": "139 contributions", "helpfulNum": "56 helpful votes", "currentRating": "3.0", "title": "If the price is right it’s worth the stay", "content": "Clean hotel set over 5 floors in a mish mash of corridors. A small but well presented room with a modern stylish bathroom and good television on the wall. Breakfast was basic but very good and plenty to start the day.   Great location about 5 mins walk from Pimlico and a pleasant 15-20 min walk from all the posh shops in Knightsbridge.   Staff well presented and friendly. The hotel is a bit better than average and if it was under a 100 pounds I would have rated it very good. ", "time": " September 2019", "helpful_vote": 0, "polarity": 0.57, "keywords": "['breakfast', 'bathroom', 'stylish', 'hotel', 'modern']", "matchKeywords": ["breakfast", "bathroom", "stylish", "hotel", "modern"], "categories": ["facility", "food", "emotional_descriptions"], "userImg": "user-img.png"}, {"user_name": "Electrizm", "user_wrote_time": "Sep 2019", "contriNum": "2 contributions", "helpfulNum": "1 helpful vote", "currentRating": "3.0", "title": "Average experience, not bad, not great ", "content": "Pro's - Location - Clean shower and toilet - Fancy exterior - Friendly personnel  Cons - Twin room is very small - Room 409 was very hot and had a smell to it - Breakfast was lacking (no meat, only cheese) ", "time": " September 2019", "helpful_vote": 0, "polarity": -0.82, "keywords": "['toilet', 'breakfast', 'shower', 'cheese', 'meat']", "matchKeywords": ["toilet", "breakfast", "shower", "cheese"], "categories": ["facility", "food"], "userImg": "user-img.png"}, {"user_name": "Hussein Aljanabi", "user_wrote_time": "Sep 2019", "contriNum": "7 contributions", "helpfulNum": "3 helpful votes", "currentRating": "2.0", "title": "Management & Travelers Pay attention please.", "content": "I have paid almost 300 Euro for 2 nights so I don't think it considered as a cheap hotel, so I was expecting a clean room at least.   Hair dryer&ironing machine are not included as it says in the details, it's on demand as the receptionist said, so every time you want to dry your hair or iron your clothes you need to go and ask for the machines at the reception.   We got attacked by a bees in the room, they came from under the bed, the window was closed so there is no way they came from outside.  I believe the room I got was a storage originally (Room number 210).  Staff were nice and helpful and I believe this is the only good thing they have in this Hotel. They have changed the room for me on the second day and finally I got a room just like the rooms in there pictures, BUT", "time": " September 2019", "helpful_vote": 0, "polarity": -0.363, "keywords": "['receptionist', 'bees', 'dryer', '300', 'ironing']", "matchKeywords": ["receptionist", "dryer"], "categories": ["service", "facility"], "userImg": "user-img.png"}, {"user_name": "Harley J", "user_wrote_time": "Sep 2019", "contriNum": "20 contributions", "helpfulNum": "6 helpful votes", "currentRating": "3.0", "title": "Price says it all. ", "content": "We were heading to London for the weekend to watch a show at the theatre and enjoy ourselves.  We wanted to stay somewhere in the Westminster area so we were pretty close to everything.  When we can across this hotel the price was cheap enough for two of us considering we had plans to be out the hotel all the time anyway.  The staff didn’t really seem that bothered about anything very slow, and not so interested in you.   We asked for an iron and ironing board -  we had to carry this to our room along with our cars and ect stuff we had bought in the day -  I didn’t fully agree with this.  I’ve stayed in many hotels and never had to take my own ironing board up.   The room itself was very small - we had two single beds however they were very close together and we felt like we", "time": " September 2019", "helpful_vote": 0, "polarity": -0.252, "keywords": "['hotel', 'hotels', 'theatre', 'weekend', 'london']", "matchKeywords": ["hotel", "hotels", "theatre", "weekend", "london"], "categories": ["facility", "surrounding_environment", "time", "loation_surroundings"], "userImg": "user-img.png"}, {"user_name": "Andrew M", "user_wrote_time": "Aug 2019", "contriNum": "2 contributions", "helpfulNum": "0", "currentRating": "3.0", "title": "Mr Andrew Merritt ", "content": "I have stayed here before and my room was fantastic but this time I had a room next to the breakfast room and it was very noisy and I also had leaking water from the bathroom ceiling and the the fire alarm going off often ", "time": " August 2019", "helpful_vote": 0, "polarity": -0.615, "keywords": "['bathroom', 'alarm', 'breakfast', 'ceiling', 'noisy']", "matchKeywords": ["bathroom", "alarm", "breakfast", "noisy"], "categories": ["facility", "food", "emotional_descriptions"], "userImg": "user-img.png"}, {"user_name": "George M", "user_wrote_time": "Aug 2019", "contriNum": "7 contributions", "helpfulNum": "0", "currentRating": "4.0", "title": "Very good Hotel", "content": "Hotel location was good, 20 minutes walk from Buckingham Palace, five minutes from the train station. Staff was excellent, help me and my wife find the cheapest ways to get around the city ( Mr. Kham) . Restaurants with in two blocks of hotel. Room was clean and neat.", "time": " August 2019", "helpful_vote": 0, "polarity": 0.678, "keywords": "['cheapest', 'hotel', 'restaurants', 'wife', 'buckingham']", "matchKeywords": ["hotel", "restaurants", "wife", "buckingham"], "categories": ["facility", "companion", "loation_surroundings"], "userImg": "user-img.png"}, {"user_name": "Laura1982Bournemouth", "user_wrote_time": "Aug 2019", "contriNum": "24 contributions", "helpfulNum": "6 helpful votes", "currentRating": "4.0", "title": "Very good hotel.", "content": "The hotel itself was easy to find and is in a good location in London.  Room was clean, tidy (although a slight sloping floor felt odd) Bed was very comfortable and changed during our stay. Fresh linen daily. The room had everything we needed inc a kettle and tea facilities, hanging space, tv.   We would happily stay here again. All the team seemed helpful, extending out check out as needed and answering everything we needed.  We didn’t use it but breakfast was an optional extra.", "time": " August 2019", "helpful_vote": 0, "polarity": 0.686, "keywords": "['tea', 'breakfast', 'bed', 'hotel', 'comfortable']", "matchKeywords": ["tea", "breakfast", "bed", "hotel", "comfortable"], "categories": ["food", "facility", "emotional_descriptions"], "userImg": "user-img.png"}, {"user_name": "Julian J", "user_wrote_time": "Aug 2019", "contriNum": "56 contributions", "helpfulNum": "23 helpful votes", "currentRating": "4.0", "title": "Overnight theatre trip", "content": "Excellent location for us. the building is well maintained, reception friendly and helpful. Our double room didnt have an inch to spare but was spotlessly clean, well decorated and furnished. Not impressed with breakfast. Staff were very friendly but the ingredients offered were the cheapest possible which was disappointing. No frills but we were generally happy.", "time": " August 2019", "helpful_vote": 0, "polarity": 0.33, "keywords": "['cheapest', 'breakfast', 'clean', 'impressed', 'happy']", "matchKeywords": ["breakfast", "clean", "impressed", "happy"], "categories": ["emotional_descriptions", "food"], "userImg": "user-img.png"}, {"user_name": "Andy W", "user_wrote_time": "Aug 2019", "contriNum": "1 contribution", "helpfulNum": "0", "currentRating": "3.0", "title": "Not too bad", "content": "Good- The room was nice, off the Main Street, clean and bigger than expected, the shower was good and mildew and mould free, the staff were friendly and polite. The coffee at breakfast was nice,  Not so good- no air conditioning meant the room was a bit warm (a fan was supplied which helped) the beds were abut “boingy” and uncomfortable, the walls were a bit thin so you could hear the next room and the bread at breakfast had mould on it  5/10", "time": " August 2019", "helpful_vote": 0, "polarity": 0.079, "keywords": "['breakfast', 'coffee', 'polite', 'warm', 'bread']", "matchKeywords": ["breakfast", "coffee", "polite", "warm", "bread"], "categories": ["food", "emotional_descriptions"], "userImg": "user-img.png"}, {"user_name": "emma_pelling", "user_wrote_time": "Aug 2019", "contriNum": "242 contributions", "helpfulNum": "17 helpful votes", "currentRating": "3.0", "title": "Beware of the room size", "content": "My partner and I stayed at the hotel as we had activities planned in London for two days, for my birthday.  We booked a double room and was really shocked when we opened the door to our room as the bed literally filled the entire space. There was hardly any room to walk around the bed after we'd placed our suitcases onto the floor.  Luckily we were literally using the space to sleep and didn't spend much time in the room because it felt very claustrophobic.  The room was clean and the bed was comfortable so at least we had a good nights sleep.  I wouldn't stay there again though.", "time": " March 2019", "helpful_vote": 1, "polarity": -0.499, "keywords": "['bed', 'sleep', 'birthday', 'hotel', 'london']", "matchKeywords": ["bed", "sleep", "birthday", "hotel", "london"], "categories": ["facility", "emotional_descriptions", "time", "loation_surroundings"], "userImg": "user-img.png"}, {"user_name": "Sheila C", "user_wrote_time": "Aug 2019", "contriNum": "4 contributions", "helpfulNum": "0", "currentRating": "4.0", "title": "Lovely stay", "content": "Stayed for 2 nights in a triple room. Very comfortable and clean. Room very warm but did have a fan. Staff very helpful and polite. Nothing seems to be a problem for them. Easy walk to underground and train stations.", "time": " August 2019", "helpful_vote": 0, "polarity": 0.167, "keywords": "['polite', 'comfortable', 'warm', 'clean', 'easy']", "matchKeywords": ["polite", "comfortable", "warm", "clean", "easy"], "categories": ["emotional_descriptions"], "userImg": "user-img.png"}, {"user_name": "SverrirK", "user_wrote_time": "Aug 2019", "contriNum": "3 contributions", "helpfulNum": "0", "currentRating": "4.0", "title": "Good stay at Huttons", "content": "I had a good five-night stay in the hotel. Great service by reception staff. It was very hot in London at the time. Unfortunately there was no air conditioning, only a fan. The room was very clean and. Delicious breakfast and good service by the breakfast staff. I will be back.  All the best", "time": " July 2019", "helpful_vote": 0, "polarity": 0.718, "keywords": "['breakfast', 'hotel', 'delicious', 'london', 'hot']", "matchKeywords": ["breakfast", "hotel", "delicious", "london", "hot"], "categories": ["food", "emotional_descriptions", "facility", "loation_surroundings"], "userImg": "user-img.png"}, {"user_name": "MinnaCh", "user_wrote_time": "Jul 2019", "contriNum": "57 contributions", "helpfulNum": "29 helpful votes", "currentRating": "4.0", "title": "So nice ", "content": "Thank you so much for a wonderfull stay in July 2019. Such a nice staff and good room. We were happy that we could get a room at the second floor. I can't give you top rate because of the breakfast. That was a bit bad, but there was bread so we could have that. Not last time we visit your hotel. ", "time": " July 2019", "helpful_vote": 1, "polarity": 0.227, "keywords": "['breakfast', 'july', 'bread', 'hotel', '2019']", "matchKeywords": ["breakfast", "july", "bread", "hotel"], "categories": ["food", "time", "facility"], "userImg": "user-img.png"}, {"user_name": "Bill C", "user_wrote_time": "Jul 2019", "contriNum": "1 contribution", "helpfulNum": "0", "currentRating": "5.0", "title": "Amazing value for money", "content": "We were delighted with the room - everything we needed.  It looked as if it had been recently refurbished.  We had TV, plenty of hanging space and a kettle with teabags, milk etc.  Not a huge room but big enough if you only have luggage for two or three nights.  We didn't need service for anything so can't comment on that.  Terrific value for central London.", "time": " July 2019", "helpful_vote": 0, "polarity": -0.051, "keywords": "['teabags', 'tv', 'milk', 'refurbished', 'london']", "matchKeywords": ["tv", "milk", "london"], "categories": ["facility", "food", "loation_surroundings"], "userImg": "user-img.png"}, {"user_name": "Brodleaf", "user_wrote_time": "Jul 2019", "contriNum": "88 contributions", "helpfulNum": "66 helpful votes", "currentRating": "4.0", "title": "Cannot beat the location on a budget", "content": "First time staying here. Was in London for a few days, on my own. I love the Pimlico/Victoria area of town, very accessible to the City Centre. I had a single room, room 500, which was clean, modern and really small, did me grand though. The only criticism I would have is the shower in the room, very little water pressure and a tiny. Meant a bit of creativity to to get clean. The staff that I spoke to were very friendly and helpful, with a 24 hour reception and a friendly vibe. I plan to be going back.", "time": " July 2019", "helpful_vote": 0, "polarity": 0.255, "keywords": "['shower', 'london', 'pimlico', 'modern', 'clean']", "matchKeywords": ["shower", "london", "pimlico", "modern", "clean"], "categories": ["loation_surroundings", "facility", "emotional_descriptions"], "userImg": "user-img.png"}, {"user_name": "Andrew Miller", "user_wrote_time": "Jul 2019", "contriNum": "1 contribution", "helpfulNum": "0", "currentRating": "1.0", "title": "Good location, tiny rooms, terrible service", "content": "We chose this hotel in London because of the location--it was close to the theater and a tour that we wanted to take.  The location is the best thing the hotel has going for it.  Beyond that we were disappointed.  We booked two three-person rooms for our five person family.  The rooms are incredibly tiny and I am not quite sure how my three daughters managed in their \"three person room\".  In the room that my wife and I had we had to use the separate single bed to store our luggage.  There's barely any room to move around--we were constantly navigating around each other when getting ready in the morning.  When we checked in the person at the desk mentioned that breakfast was downstairs but he neglected to tell us that it wasn't included in our booking.  The five of us showed up", "time": " July 2019", "helpful_vote": 0, "polarity": -0.235, "keywords": "['wife', 'hotel', 'daughters', 'theater', 'london']", "matchKeywords": ["wife", "hotel", "theater", "london"], "categories": ["companion", "facility", "surrounding_environment", "loation_surroundings"], "userImg": "user-img.png"}, {"user_name": "Marianne M", "user_wrote_time": "Jul 2019", "contriNum": "1 contribution", "helpfulNum": "0", "currentRating": "5.0", "title": "Great hotel", "content": "The family room with 4 bed, was very good and bigger then expected.  The room and the bathroom was perfectly cleaned .  The reception staff was helpful and nice. The hotel is close to 2 subways and in walking distance to Hyde Park and Victoria  Station.", "time": " July 2019", "helpful_vote": 0, "polarity": 0.819, "keywords": "['hotel', 'bathroom', 'bed', 'cleaned', 'subways']", "matchKeywords": ["hotel", "bathroom", "bed", "cleaned"], "categories": ["facility", "emotional_descriptions"], "userImg": "user-img.png"}, {"user_name": "Shane L", "user_wrote_time": "Jul 2019", "contriNum": "5 contributions", "helpfulNum": "0", "currentRating": "2.0", "title": "Expensive for soo little", "content": "Be aware hotel has no air conditioning. My wife and I didnt double check and were very surprised when we got there on the hottest day England has probably seen in decades. Room very small, rooms are dated, window locks broke, glassware for drinking weren't clean, elevator very slow and hot and stuffy- ending up just walking to our room on 2nd floor, throw rugs very old and dirty-socks got stuck to them, very annoying. There is no coffee, ice or water available in the hotel either. Breakfast was 5lb per day and not worth it so we skipped it. Front desk agent was very unfriendly and you can barely understand what he said because he spoke to low and mumbled soo much. The hotel wasn't cheap either so you don't get much for what you're paying.", "time": " June 2019", "helpful_vote": 0, "polarity": -0.882, "keywords": "['skipped', 'breakfast', 'unfriendly', 'elevator', 'broke']", "matchKeywords": ["breakfast", "elevator"], "categories": ["food", "facility"], "userImg": "user-img.png"}, {"user_name": "sylviastorey", "user_wrote_time": "Jul 2019", "contriNum": "4 contributions", "helpfulNum": "2 helpful votes", "currentRating": "5.0", "title": "Good quality Excellent value Great location", "content": "Our stay at Huttons Hotel well exceeded our expectations of a hitel in thus area at this price. The room, like the rest of the hotel, was modern and clean and all staff were polite and very helpful. Location wise it is a very short walk from Victoria and Pimlico stations and walking to Buckingham Palace is 10-15 minutes. Pimlico itself has a very good selection of bars and restaurants. We will definitely stay at this hotel again.", "time": " July 2019", "helpful_vote": 0, "polarity": 0.815, "keywords": "['hotel', 'polite', 'pimlico', 'restaurants', 'buckingham']", "matchKeywords": ["hotel", "polite", "pimlico", "restaurants", "buckingham"], "categories": ["facility", "loation_surroundings", "emotional_descriptions"], "userImg": "user-img.png"}, {"user_name": "littledoo19", "user_wrote_time": "Jun 2019", "contriNum": "34 contributions", "helpfulNum": "37 helpful votes", "currentRating": "5.0", "title": "Brilliant hotel", "content": "We only stayed one night but we think this only is a wonderful base for tourists. Reception and all other public areas very clean, bedroom and bathroom spotlessly clean. Bed very comfortable, with both mattress and pillows having protectors. Breakfast was adequate there could have been a little more choice in cereals and bread for the continental style breakfast included in the price. I was glad we hadn't opted to purchase a cooked breakfast which didn't look worth what they were charging on top .the hotel is near Victoria Coach Rail and Tube stations and also Pimlico Tube so very easy to get around to tourist attractions etc. ", "time": " June 2019", "helpful_vote": 0, "polarity": -0.147, "keywords": "['breakfast', 'mattress', 'bed', 'hotel', 'bedroom']", "matchKeywords": ["breakfast", "mattress", "bed", "hotel", "bedroom"], "categories": ["facility", "food"], "userImg": "user-img.png"}, {"user_name": "Arunavo", "user_wrote_time": "Jun 2019", "contriNum": "11 contributions", "helpfulNum": "11 helpful votes", "currentRating": "4.0", "title": "Basic hotel in Central London", "content": "On arrival I was given a room in the basement which I could not find! However the room and bathroom was spotlessly clean. The breakfast had cold items only. I had to attend a function in Buckinghan Palace which needed a change in attire and this hotel served this purpose because of its proximity", "time": " June 2019", "helpful_vote": 0, "polarity": -0.433, "keywords": "['bathroom', 'basement', 'breakfast', 'cold', 'hotel']", "matchKeywords": ["bathroom", "basement", "breakfast", "cold", "hotel"], "categories": ["facility", "food", "emotional_descriptions"], "userImg": "user-img.png"}, {"user_name": "Adam M", "user_wrote_time": "Jun 2019", "contriNum": "172 contributions", "helpfulNum": "96 helpful votes", "currentRating": "2.0", "title": "Did the job but not great ", "content": "Stayed for 2 nights as we had a bit of a rental car snafu. Room was tiny, bathroom even smaller. We were on the ground floor and walls were so thin you heard everything, and on the second night suddenly it smelled like sewer.   Staff attended to issue immediately but went from sewer to over powering air freshener smell.  Asked for late checkout and was told it would be an additional 20 pounds.   Internet was spotty and went out completely at one point.  Overall it served is purpose as a bed and shower (although I'm only 5'10\" 190 and I barely fit)", "time": " June 2019", "helpful_vote": 0, "polarity": -0.94, "keywords": "['shower', 'bathroom', 'sewer', 'bed', 'checkout']", "matchKeywords": ["shower", "bathroom", "bed", "checkout"], "categories": ["facility", "service"], "userImg": "user-img.png"}, {"user_name": "OMG", "user_wrote_time": "Jun 2019", "contriNum": "1 contribution", "helpfulNum": "0", "currentRating": "5.0", "title": "Great value", "content": "Hotel was clean. Hotel was located in a great location, close to public transit etc. Rooms were small, but I didn’t mind for the price I paid. Great value for your dollar. I would not hesitate to book again.", "time": " June 2019", "helpful_vote": 0, "polarity": 0.752, "keywords": "['clean', 'paid', 'hotel', 'dollar', 'great']", "matchKeywords": ["clean", "hotel", "great"], "categories": ["emotional_descriptions", "facility"], "userImg": "user-img.png"}, {"user_name": "TSAS", "user_wrote_time": "Jun 2019", "contriNum": "1 helpful vote", "helpfulNum": "0", "currentRating": "4.0", "title": "Great location, great value!", "content": "I had to visit London for business and had a short time frame to book a hotel. Huttons came up in my search and after reading the reviews I decided to book my stay there. I really appreciated the review and promised to write one as well in the event in might help in making a decision on staying there.   Some of the reviews made mention of the rooms being very small, I had no issue with the room I was given-it was adequate. The hotel is located (about 10-20 mins walk) near the Victoria Bus station, underground line and train (Gatwick Express). This is an ideal location if you're using the public transport system to get to and from the airport as well as around the city.  Wonderful customer service. I will definitely recommend and stay there again!", "time": " June 2019", "helpful_vote": 1, "polarity": 0.456, "keywords": "['hotel', 'london', 'book', 'train', 'reading']", "matchKeywords": ["hotel", "london", "train"], "categories": ["facility", "loation_surroundings", "surrounding_environment"], "userImg": "user-img.png"}, {"user_name": "Meg", "user_wrote_time": "Jun 2019", "contriNum": "4 contributions", "helpfulNum": "1 helpful vote", "currentRating": "5.0", "title": "Great value!", "content": "Nice budget hotel in Pimlico. The staff were kind, efficient, and reasonable. The elevator is a little slow, but it gets the job done. Our room was well decorated and very clean. There were parts were I could definitely notice some sloping in the floor, but it was not an issue. The area around the hotel is very quiet, picturesque, and feels safe. The hotel allows you to store bags in a locked room on the day of check in and check out.   I think we couldn't have asked for anything more given the price range that this hotel offers, so I give it a full five stars. If the price was higher, I would probably rate the hotel less. Overall, we had a fantastic experience.", "time": " May 2019", "helpful_vote": 1, "polarity": 0.46, "keywords": "['elevator', 'hotel', 'efficient', 'pimlico', 'clean']", "matchKeywords": ["elevator", "hotel", "efficient", "pimlico", "clean"], "categories": ["facility", "emotional_descriptions", "loation_surroundings"], "userImg": "user-img.png"}, {"user_name": "christine g", "user_wrote_time": "Jun 2019", "contriNum": "5 contributions", "helpfulNum": "1 helpful vote", "currentRating": "3.0", "title": "Very average service, room and poor breakfast", "content": "Moved twice at this motel. Rooms very poor ventilation and would not recommend staying in summer time.  Service at reception was very poor, only 1 professional on check in. Breakfast is not worth the money go to a local cafe, plenty around. Don't even bother using the lift, it is faster to use the stairs. Definitely needs an upgrade. Location is great between Pimilco and Victoria Stations. Better choices available.", "time": " May 2019", "helpful_vote": 1, "polarity": -0.493, "keywords": "['breakfast', 'motel', 'cafe', 'poor', 'summer']", "matchKeywords": ["breakfast", "motel", "cafe", "poor", "summer"], "categories": ["food", "facility", "emotional_descriptions", "time"], "userImg": "user-img.png"}, {"user_name": "AnDre K", "user_wrote_time": "May 2019", "contriNum": "8 contributions", "helpfulNum": "1 helpful vote", "currentRating": "2.0", "title": "Overall, very mediocre", "content": "We arrived at 10:50. Noone was at the reception, and we waited for 20-30 mins for someone to show up. We asked if it was possible to leave a backpack there and go (as it was early to check in). We were told to wait if it was possible to check on at that time. We waited for Another half hour. Then we couldnt wait anymore, dropped the backpack and left. So we waited for total 1 hour for nothing. We got a basement room. So confusing to get there. Room was cold and heating wasnt adequate. Asked at the reception, I was offered a second blanket. Bed was comfortable and the room was clean. We went for breakfast at 8:30, and there was nothing left. No cheese, no fruit, no sliced bread, no refills apparently. Just cereal, coffee, butter, jam and an english type of bread. Hotel was 5mins", "time": " May 2019", "helpful_vote": 0, "polarity": -0.543, "keywords": "['breakfast', 'hour', 'coffee', 'basement', '5mins']", "matchKeywords": ["breakfast", "hour", "coffee", "basement"], "categories": ["food", "time", "facility"], "userImg": "user-img.png"}, {"user_name": "Romualdo II J", "user_wrote_time": "May 2019", "contriNum": "1 contribution", "helpfulNum": "0", "currentRating": "4.0", "title": "Great location", "content": "Room is good but the elevator needs upgrade. The staff is approachable and willing to help according to your needs. Overall, service is great. In addition we can leave our loggage in advance. We enjoyed our stay in huttons hotel.", "time": " May 2019", "helpful_vote": 0, "polarity": 0.243, "keywords": "['elevator', 'upgrade', 'hotel', 'enjoyed', 'staff']", "matchKeywords": ["elevator", "hotel", "enjoyed", "staff"], "categories": ["facility", "emotional_descriptions", "service"], "userImg": "user-img.png"}, {"user_name": "HannibalQueen", "user_wrote_time": "May 2019", "contriNum": "150 contributions", "helpfulNum": "59 helpful votes", "currentRating": "3.0", "title": "Comfy Bedding", "content": "Pros :  the bedding is comfy, the location is between Victoria and Pimlico, the street is full of hotels.  Cons : the toilets are sticked to the shower... Price changed just after the booking, it was like 20£ less", "time": " May 2019", "helpful_vote": 1, "polarity": -0.001, "keywords": "['toilets', 'shower', 'pimlico', 'hotels', 'bedding']", "matchKeywords": ["shower", "pimlico", "hotels", "bedding"], "categories": ["facility", "loation_surroundings"], "userImg": "user-img.png"}, {"user_name": "nudrover", "user_wrote_time": "May 2019", "contriNum": "140 contributions", "helpfulNum": "35 helpful votes", "currentRating": "4.0", "title": "The best we've found in the area ", "content": "Great location and value. Friendly helpful reception staff. Clean rooms with en suite, TV and kettle.  Booked direct and got the best rate and a free breakfast.  Our room, 505, was on the top floor and had views of the too of the London Eye, The Shard and Parliament. Would definitely stay again.", "time": " May 2019", "helpful_vote": 0, "polarity": 0.825, "keywords": "['breakfast', 'suite', 'rooms', 'clean', 'tv']", "matchKeywords": ["breakfast", "suite", "rooms", "clean", "tv"], "categories": ["facility", "food", "emotional_descriptions"], "userImg": "user-img.png"}, {"user_name": "Hannah", "user_wrote_time": "May 2019", "contriNum": "50 contributions", "helpfulNum": "8 helpful votes", "currentRating": "4.0", "title": "Budget friendly, great located ", "content": "We enjoyed our one night stay at Hutton's Hotel. The room was quite small, but given the location of this hotel and the price we paid, we couldn't complain. You are a 10 minute walk to Victoria Station, Apollo theater and the general Victoria area which is littered in restaurants.   The hotel and room was very clean. The only issue we had was that our room was right next door to the breakfast bar and early in the morning it is quite loud with other quests heading to get their breakfast.  After a long day spent walking through museums, the shower in our room was fabulous.   Also each member of staff we encountered was very friendly and nice.  The breakfast was a nice touch - we stuck with the basics of cereals, toast and orange juice and we were quite happy with it.  Overall we", "time": " May 2019", "helpful_vote": 0, "polarity": 0.582, "keywords": "['breakfast', 'hotel', 'restaurants', 'shower', 'morning']", "matchKeywords": ["breakfast", "hotel", "restaurants", "shower", "morning"], "categories": ["facility", "food", "time"], "userImg": "user-img.png"}, {"user_name": "Tony Brighton", "user_wrote_time": "Apr 2019", "contriNum": "59 contributions", "helpfulNum": "30 helpful votes", "currentRating": "5.0", "title": "Good place to stay", "content": "Excellent room for the money - recently refurbished.  Very good staff.  10 minutes from Victoria.  They look after baggage free, not like some places nearby.  Would certainly stay again.  Breakfast available but didn't take it.", "time": " April 2019", "helpful_vote": 2, "polarity": 0.466, "keywords": "['breakfast', 'minutes', '10', 'refurbished', 'free']", "matchKeywords": ["breakfast", "minutes", "free"], "categories": ["food", "service", "emotional_descriptions"], "userImg": "user-img.png"}, {"user_name": "Anna K", "user_wrote_time": "Apr 2019", "contriNum": "1 contribution", "helpfulNum": "1 helpful vote", "currentRating": "5.0", "title": "Nice little hotel with excellent staff", "content": "The reception staff were pleasant to deal with, they took every possible step to meet our needs. The room on the basement floor was clean and quite, the breakfast sufficient. The location is fantastic: close to many attractions and walking distance from Victoria rail station. Definitely coming back.", "time": " April 2019", "helpful_vote": 1, "polarity": 0.817, "keywords": "['breakfast', 'clean', 'pleasant', 'reception', 'basement']", "matchKeywords": ["breakfast", "clean", "pleasant", "reception", "basement"], "categories": ["emotional_descriptions", "food", "service", "facility"], "userImg": "user-img.png"}, {"user_name": "JOHN W", "user_wrote_time": "Apr 2019", "contriNum": "1 contribution", "helpfulNum": "0", "currentRating": "4.0", "title": "Excellent value for money", "content": "I have stayed at this hotel several times in the past 3 years because it is convenient for Westminster where I attend meetings and obviously close to tourist attractions. It has all the necessary facilities.", "time": " April 2019", "helpful_vote": 0, "polarity": 0.625, "keywords": "['hotel', 'tourist', 'westminster', 'years', 'necessary']", "matchKeywords": ["hotel", "tourist"], "categories": ["facility", "surrounding_environment"], "userImg": "user-img.png"}, {"user_name": "Deborah D", "user_wrote_time": "Mar 2019", "contriNum": "25 contributions", "helpfulNum": "12 helpful votes", "currentRating": "3.0", "title": "Basic", "content": "Basic hotel and well located to get around London, but also very noisy, particularly at night. The fire alarm also had a habit of going off several times during the night. If you want a basic, clean place to stay, it's fine, but don't expect a good night's sleep.", "time": " March 2019", "helpful_vote": 0, "polarity": -0.771, "keywords": "['night', 'alarm', 'noisy', 'hotel', 'sleep']", "matchKeywords": ["night", "alarm", "noisy", "hotel", "sleep"], "categories": ["facility", "time", "emotional_descriptions"], "userImg": "user-img.png"}, {"user_name": "Dawood H", "user_wrote_time": "Mar 2019", "contriNum": "1 contribution", "helpfulNum": "0", "currentRating": "4.0", "title": "Good Location", "content": "This hotel perfect for people who like to visit the London city. It is near to all attractions. There is one negative, our room was very small. Just room with one chair, there not table in room. Our room was a little bigger then our bed. But clean and friendly staff.", "time": " March 2019", "helpful_vote": 0, "polarity": 0.075, "keywords": "['hotel', 'london', 'bed', 'clean', 'city']", "matchKeywords": ["hotel", "london", "bed", "clean", "city"], "categories": ["facility", "loation_surroundings", "emotional_descriptions", "surrounding_environment"], "userImg": "user-img.png"}, {"user_name": "darragh d", "user_wrote_time": "Mar 2019", "contriNum": "1 contribution", "helpfulNum": "0", "currentRating": "1.0", "title": "No sleep", "content": "Given the room next to reception which was as big as a good sized wardrobe. woken repeatedly during the night by people in reception and then again every morning early by people getting their bags from store next to our room. Walls and doors were paper thin. all we got was an apology for 3 nights of repeated broken sleep.", "time": " March 2019", "helpful_vote": 0, "polarity": -0.771, "keywords": "['sleep', 'morning', 'night', 'woken', 'nights']", "matchKeywords": ["sleep", "morning", "night", "nights"], "categories": ["time", "emotional_descriptions"], "userImg": "user-img.png"}, {"user_name": "dahed0", "user_wrote_time": "Mar 2019", "contriNum": "55 contributions", "helpfulNum": "28 helpful votes", "currentRating": "3.0", "title": "Good location", "content": "Got a decent deal for the stay.It was a great location,well situated for he things we wanted to do on our stay, and in a nice area.All the staff were friendly and helpful. Bed comfy enough, bedroom not the biggest, but wasn't looking to host a function in it.Bathroom was fine, shower large enough.Needs another toaster in dining area, too busy at breakfast to have just one toaster. For the price we paid, all was fine.thanks.", "time": " March 2019", "helpful_vote": 0, "polarity": 0.348, "keywords": "['toaster', 'bed', 'breakfast', 'bathroom', 'bedroom']", "matchKeywords": ["bed", "breakfast", "bathroom", "bedroom"], "categories": ["facility", "food"], "userImg": "user-img.png"}, {"user_name": "Stephen W", "user_wrote_time": "Mar 2019", "contriNum": "17 contributions", "helpfulNum": "11 helpful votes", "currentRating": "4.0", "title": "my overnight stay .", "content": "my stay was v good . Chris front of house was excellent v helpful . he went the extra mile . v charming .However the breakfast was pretty substandard - cheap ingredients and they should improve this. Until they do I'd think very carefully about re-visiting.", "time": " February 2019", "helpful_vote": 0, "polarity": 0.212, "keywords": "['breakfast', 'cheap', 'helpful', 'ingredients', 'charming']", "matchKeywords": ["breakfast", "cheap", "helpful"], "categories": ["emotional_descriptions", "food"], "userImg": "user-img.png"}, {"user_name": "TB4C", "user_wrote_time": "Feb 2019", "contriNum": "61 contributions", "helpfulNum": "27 helpful votes", "currentRating": "2.0", "title": "Smallest room in the world, Don't go!!!", "content": "Booked hotel from pictures and review. I got a single room, the bed was designed for a small person and I am only 6ft tall and struggled to get comfortable. Bathroom was tiny too. Thats all folks!! Kind regards Joe", "time": " February 2019", "helpful_vote": 0, "polarity": 0.166, "keywords": "['bed', 'bathroom', 'tiny', 'hotel', 'small']", "matchKeywords": ["bed", "bathroom", "tiny", "hotel", "small"], "categories": ["facility", "emotional_descriptions"], "userImg": "user-img.png"}, {"user_name": "Paul R", "user_wrote_time": "Feb 2019", "contriNum": "239 contributions", "helpfulNum": "155 helpful votes", "currentRating": "4.0", "title": "Good value for well located and clean hotel", "content": "Booked for £80.10 via LateRooms.com for an overnight stay after a business event. Booked a en-suite double which I got plus 2 further single beds! Room was clean, a reasonable size and shower room OK.  Hotel looked like a relatively recent conversion. Breakfast available but not taken so cannot comment on value or quality. Would use again in an area where there is a lot of competition. Alway worth ringing direct to check whether better price than online available. ", "time": " January 2019", "helpful_vote": 0, "polarity": -0.497, "keywords": "['breakfast', 'overnight', 'hotel', 'shower', 'beds']", "matchKeywords": ["breakfast", "overnight", "hotel", "shower", "beds"], "categories": ["facility", "food", "time"], "userImg": "user-img.png"}, {"user_name": "Sue3045", "user_wrote_time": "Jan 2019", "contriNum": "3 contributions", "helpfulNum": "1 helpful vote", "currentRating": "2.0", "title": "Has great potential but disappointed ☹️", "content": "This was very disappointing and is nothing like it looks on the website. Reception staff were very unwelcoming.  Lift was quite scary as didn’t appear to be working properly and made a terrible noise which kept me awake. Hair in bathroom and mats in bedroom and bathroom were dirty.  Beds were damaged around the castors. Brown towels were very dated .   The hotel is in a very convenient area, however I’m sure there is far better around. A real shame as could be so much better.", "time": " January 2019", "helpful_vote": 0, "polarity": -0.948, "keywords": "['scary', 'unwelcoming', 'terrible', 'damaged', 'shame']", "matchKeywords": ["terrible"], "categories": ["emotional_descriptions"], "userImg": "user-img.png"}, {"user_name": "Dwb79", "user_wrote_time": "Jan 2019", "contriNum": "34 contributions", "helpfulNum": "4 helpful votes", "currentRating": "3.0", "title": "Decent hotel. Great location. ", "content": "This hotel situated at Belgrave road. Close to Victoria station. The I would describe as standard London. Small rooms but it clean and the staff is always friendly. One has an option to buy breakfast for a good price. Its pretty basic but filling. The best thing about this hotel is the location! Victoria station a huge communication hub(train for Gatwick). Bus 84 stops right outside and it will take you through central London up to Camden. Walking distance(15 min) to the House of Parliament. A great number of pubs and restaurants in the area. And also the Pimlico tube station is about 200m from the hotel. I've stayed here many times and I will be back soon again. ", "time": " January 2019", "helpful_vote": 0, "polarity": 0.382, "keywords": "['breakfast', 'pimlico', 'hotel', 'restaurants', 'london']", "matchKeywords": ["breakfast", "pimlico", "hotel", "restaurants", "london"], "categories": ["facility", "loation_surroundings", "food"], "userImg": "user-img.png"}, {"user_name": "FloridaJac", "user_wrote_time": "Jan 2019", "contriNum": "73 contributions", "helpfulNum": "88 helpful votes", "currentRating": "5.0", "title": "Great Stay!", "content": "Myself and my husband stayed here recently for a Theatre Break booked through Hotels Direct.  We really loved it.  Great location, nice area, very close to both Pimlico Underground Station and Victoria Station.  The price was great value for the location!  Walking distance to bars, a range of restaurants, the Apollo Victoria Theatre (for Wicked) and Buckingham Palace (10 minutes away).  Only took 20 minutes to walk to Westminster.  An Uber from Covent Garden was £7 or when our phone batteries ran out, £14 in a black cab!  The reception staff were friendly.  Check in was quick and easy.  The double room we had on the 4th floor was small (big enough for what you need though) and it was modern and clean.    We had great breakfasts in Pimlico Fresh and the Regency Cafe.  Also", "time": " January 2019", "helpful_vote": 2, "polarity": 0.55, "keywords": "['pimlico', 'hotels', 'cafe', 'restaurants', 'breakfasts']", "matchKeywords": ["pimlico", "hotels", "cafe", "restaurants", "breakfasts"], "categories": ["facility", "food", "loation_surroundings"], "userImg": "user-img.png"}, {"user_name": "absm33", "user_wrote_time": "Jan 2019", "contriNum": "139 contributions", "helpfulNum": "39 helpful votes", "currentRating": "3.0", "title": "Good location 😀 but not the service 🙄", "content": "Great location where the bus 24 station is just in front of the hotel and it's on a quite road with loads of hotels beside it plus the restaurants and convenience stores are just a walking distance. Sadly, that's the only great thing about the hotel, as I find it overpriced, staff not friendly (no greetings at all), and service not at all good, wherein we experienced soap were not refilled & mugs not cleaned after the room was serviced. There's free WiFi by the way, though it gets real slow quite often. They also have a breakfast area at the basement level and a luggage storage area. No problems with check in and out. Rooms are quite cramp. Has great potential to be better than average if it improves it's service.", "time": " December 2018", "helpful_vote": 0, "polarity": -0.348, "keywords": "['restaurants', 'bus', 'breakfast', 'hotels', 'overpriced']", "matchKeywords": ["restaurants", "bus", "breakfast", "hotels", "overpriced"], "categories": ["facility", "food", "emotional_descriptions"], "userImg": "user-img.png"}, {"user_name": "b_silobritiene", "user_wrote_time": "Dec 2018", "contriNum": "21 contributions", "helpfulNum": "2 helpful votes", "currentRating": "3.0", "title": "Small rooms, good place", "content": "Situated close to Victoria railway station, however quit silent place. Very small room, It was not possible fully open rest room door, bed didn't let do that... Breakfast very limited choise, however it was my first time in London so I couldn't compare if it is typical for London or not.", "time": " October 2018", "helpful_vote": 0, "polarity": -0.456, "keywords": "['breakfast', 'london', 'bed', 'limited', 'small']", "matchKeywords": ["breakfast", "london", "bed", "small"], "categories": ["food", "loation_surroundings", "facility", "emotional_descriptions"], "userImg": "user-img.png"}, {"user_name": "popppppp", "user_wrote_time": "Dec 2018", "contriNum": "3 contributions", "helpfulNum": "0", "currentRating": "2.0", "title": "Strange!", "content": "Stayed here during the week with my partner and the whole experience was strange to say the least! Ill start with the pros as thats the easiest thing to do and despite my review there were some positives!  - Location, absolutely amazing! Very close walking distance to victoria and pimlico stations and   - Its on a very quiet road itself.   Sadly, thats about it. Check in was quick although nothing really explained to us, but thats fine i mean it was self explanatory but working in the hotel industry myself i just assumed it was part of check in to explain a few things.  Staff seemed cold and unenthusiastic which is a shame, but i do know it can be a hard, tiring job.   The hotel itself is very dated - NOT how it appears in internet pictures which is really wrong, false", "time": " December 2018", "helpful_vote": 0, "polarity": -0.432, "keywords": "['cold', 'unenthusiastic', 'hotel', 'pimlico', 'partner']", "matchKeywords": ["cold", "hotel", "pimlico"], "categories": ["emotional_descriptions", "facility", "loation_surroundings"], "userImg": "user-img.png"}, {"user_name": "Traveller", "user_wrote_time": "Dec 2018", "contriNum": "25 contributions", "helpfulNum": "8 helpful votes", "currentRating": "4.0", "title": "Quite nice", "content": "We chose this hotel as although I felt it was quite expensive it was significantly cheaper that most other hotel which made me a bit concerned about how it would be. My initial thoughts were that I was justified in being concerned as the reception is very uninspiring and in keeping with a very heap hotel. The corridor to the room was the same and a bit grubby. However our room was really nice and very clean - it had a washable floor instead of carpet which gave it a less than lixiourious feel but this is probably more hygienic than carpet! There were nice pictures on the wall and the furniture was tidy. There were also tea and coffee making facilities. The room and bathroom were small but that was fine as we only wanted it for one night. Takes around 15 minutes to walk to", "time": " December 2018", "helpful_vote": 0, "polarity": -0.366, "keywords": "['cheaper', 'expensive', 'tea', 'washable', 'hotel']", "matchKeywords": ["cheaper", "expensive", "tea", "hotel"], "categories": ["emotional_descriptions", "food", "facility"], "userImg": "user-img.png"}, {"user_name": "451idav", "user_wrote_time": "Nov 2018", "contriNum": "14 contributions", "helpfulNum": "0", "currentRating": "5.0", "title": "Long weekend in London", "content": "Absolutly worth the money! Good location, room was good and staff was friendly! We will absolutly use this hotel again, when we visit London again.   I can only recommend this hotel. We liked it and it had great athmosphere.   ", "time": " November 2018", "helpful_vote": 0, "polarity": 0.961, "keywords": "['hotel', 'liked', 'london', 'friendly', 'worth']", "matchKeywords": ["hotel", "london", "friendly"], "categories": ["facility", "loation_surroundings", "emotional_descriptions"], "userImg": "user-img.png"}, {"user_name": "kjled6", "user_wrote_time": "Nov 2018", "contriNum": "87 contributions", "helpfulNum": "17 helpful votes", "currentRating": "3.0", "title": "Good location nice staff,smells a bit strange", "content": "I would recommend this hotel if you are staying in London and don’t want to spend much. It’s a good location 5 minute walk to the nearest tube station. I went to see Hamilton at the Victoria palace theatre and it is ten minutes from there.  The rooms and bathrooms are very small but it is functional there is a small TV and a kettle.  One thing I would say is our room and the corridor had a strange smell I thought maybe it is whatever cleaning products they use. We had to open the window until we went to sleep to get rid of it a bit.  The staff are nice and friendly also there is free WiFi.", "time": " November 2018", "helpful_vote": 0, "polarity": -0.008, "keywords": "['bathrooms', 'hotel', 'london', 'sleep', 'wifi']", "matchKeywords": ["bathrooms", "hotel", "london", "sleep", "wifi"], "categories": ["facility", "loation_surroundings", "emotional_descriptions"], "userImg": "user-img.png"}, {"user_name": "Delnor N", "user_wrote_time": "Nov 2018", "contriNum": "588 contributions", "helpfulNum": "151 helpful votes", "currentRating": "3.0", "title": "Low Cost for Area", "content": "The Huttons Hotel is more economical than the majority of hotels in the area.  Our room was small even by European standards.  Unfortunately the noise level in the room was fairly high.  The complimentary continental breakfast is just that—toast, coffee, beans and fruit juice.  Full hot breakfasts are available at an additional cost.  Overall the hotel has a great location and is reasonably priced with paralleled services and amenities.", "time": " May 2018", "helpful_vote": 0, "polarity": 0.055, "keywords": "['breakfasts', 'breakfast', 'economical', 'coffee', 'hot']", "matchKeywords": ["breakfasts", "breakfast", "coffee", "hot"], "categories": ["food", "emotional_descriptions"], "userImg": "user-img.png"}, {"user_name": "Joseph D", "user_wrote_time": "Nov 2018", "contriNum": "10 contributions", "helpfulNum": "3 helpful votes", "currentRating": "2.0", "title": "Not fit for purpose ", "content": "I stayed here for two new nights and got very little sleep either night. The reason is that any of the rooms that adjoin the lift shaft have a huge amount of noise arising from the lift grinding up and down all night. There is a reasonable but tolerable amount of noise from people other rooms.  The lift shaft really does render at least my colleagues and my rooms (305 and 405) not fit for purpose.  I raised the issue on checkout as an FYI for the owner, and was met with an \"oh\" and that was it...  the rooms are ok in terms of decor etc for the price, but fundamentally the hotel failed to function as a place to rest.   ", "time": " November 2018", "helpful_vote": 0, "polarity": -0.811, "keywords": "['checkout', 'nights', 'night', 'hotel', 'sleep']", "matchKeywords": ["checkout", "nights", "night", "hotel", "sleep"], "categories": ["time", "service", "facility", "emotional_descriptions"], "userImg": "user-img.png"}, {"user_name": "Laura M", "user_wrote_time": "Nov 2018", "contriNum": "2 contributions", "helpfulNum": "0", "currentRating": "3.0", "title": "Wouldn't stay again", "content": "Stayed for one night in a single room. Receptionist was friendly and check-in was quick; however, when I saw my room I was disappointed. It was tiny, practically a box room, and the bathroom was more like a cupboard; you could barely move once in there. The room was not very clean as the rug in the bathroom had marks all over it, the windowsill looked like it had never been cleaned and there were brown marks all down the shower curtain. Worst of all was the bed; the mattress protector was covered in stains and marks, and there was what appeared to be a very old, very thin and very threadbare duvet inbetween the mattress and the mattress protector. I didnt want to sleep in the bed at all so I ended up laying on top of the covers. Decided not to have breakfast even though I had", "time": " November 2018", "helpful_vote": 0, "polarity": -0.973, "keywords": "['bathroom', 'mattress', 'bed', 'shower', 'sleep']", "matchKeywords": ["bathroom", "mattress", "bed", "shower", "sleep"], "categories": ["facility", "emotional_descriptions"], "userImg": "user-img.png"}, {"user_name": "Conor C", "user_wrote_time": "Nov 2018", "contriNum": "313 contributions", "helpfulNum": "68 helpful votes", "currentRating": "3.0", "title": "Nice but small rooms.....", "content": "Stayed here for one night 2 weeks past Friday.  I had a very bad night but the night receptionist on duty about 3am was very kind and understanding and helped me a lot.  The rooms and bathroom were very small but the price was right and the location good!", "time": " October 2018", "helpful_vote": 0, "polarity": 0.287, "keywords": "['receptionist', 'friday', 'night', 'bathroom', 'weeks']", "matchKeywords": ["receptionist", "friday", "night", "bathroom"], "categories": ["time", "service", "facility"], "userImg": "user-img.png"}, {"user_name": "ITmanDan", "user_wrote_time": "Oct 2018", "contriNum": "3 contributions", "helpfulNum": "0", "currentRating": "2.0", "title": "Stop that noise!", "content": "The hotel was in a very nice location close to Victoria station. The rooms were small but for the price in central London I wouldn't expect anything else. Sadly no sleep was had due to a faulty fire alarm. Every 20 minutes it went off, all night!! Instead of evacuating the hotel we were told go back to bed if they find a fire they would let it ring. And what we were offered in return for this disruption was an extra 30 minutes past check in. You could be a great hotel but please train your staff on proper fire evacuation procedures!", "time": " October 2018", "helpful_vote": 0, "polarity": -0.574, "keywords": "['hotel', 'sleep', 'night', 'evacuating', 'london']", "matchKeywords": ["hotel", "sleep", "night", "london"], "categories": ["facility", "emotional_descriptions", "time", "loation_surroundings"], "userImg": "user-img.png"}, {"user_name": "Tyggerstyx", "user_wrote_time": "Oct 2018", "contriNum": "113 contributions", "helpfulNum": "14 helpful votes", "currentRating": "5.0", "title": "Great location", "content": "We picked this hotel based on how centrally located it was and it didn't disappoint.  We were within blocks of two Tube stations making it very easy to get around. There were a plethora of pubs close by so choices of places to eat or have a pint were plentiful. The staff was very pleasant and helpful. The room was clean.  We did hear the people in the room above us, but it wasn't horrendous.  Continental breakfast was sparse, but they did offer a full breakfast for an additional cost; we just didn't take advantage of that.  I would definitely recommend this hotel.", "time": " October 2018", "helpful_vote": 0, "polarity": 0.087, "keywords": "['breakfast', 'hotel', 'pubs', 'plentiful', 'horrendous']", "matchKeywords": ["breakfast", "hotel", "pubs", "plentiful"], "categories": ["facility", "food", "emotional_descriptions"], "userImg": "user-img.png"}, {"user_name": "Rachel C", "user_wrote_time": "Oct 2018", "contriNum": "1 contribution", "helpfulNum": "0", "currentRating": "5.0", "title": "Great Location, Great Price, Great Hotel", "content": "Now i'm one of those people who also search trip advisor for reviews before booking a hotel. Despite some negative reviews, I thought this hotel was excellent. Myself (27) and my Partner (23) booked one night here for a trip to London. We walked from Victoria coach station and it took us approx 15 minutes. Check in quick and easy. Room was basic but everything we needed as we didn't spend much time in our room. On arrival we had a quick sit down before setting off sight seeing. The hotel is in a great location. We walked to all the tourist attractions (Buckingham Palace, Houses of Parliament, Nelson's Collumn) and didn't need to get any public transport as all within walking distance (granted it was a long walk 7km round but lots to see along the way). For the cost of the room,", "time": " May 2018", "helpful_vote": 0, "polarity": 0.195, "keywords": "['hotel', 'tourist', 'buckingham', 'london', 'booked']", "matchKeywords": ["hotel", "tourist", "buckingham", "london", "booked"], "categories": ["loation_surroundings", "facility", "surrounding_environment", "service"], "userImg": "user-img.png"}, {"user_name": "1nicolaj", "user_wrote_time": "Oct 2018", "contriNum": "4 contributions", "helpfulNum": "2 helpful votes", "currentRating": "4.0", "title": "Cosy!", "content": "Snug room, could do with a good clean in the corners of the rooms and under the bed. Don't expect much the continental breakfast is not the same as what you would get staying in Europe was very basic. Walking distance to the river and is basically in the middle of both undergrounds, Pimlico and Victoria. ", "time": " September 2018", "helpful_vote": 0, "polarity": -0.452, "keywords": "['bed', 'pimlico', 'breakfast', 'rooms', 'undergrounds']", "matchKeywords": ["bed", "pimlico", "breakfast", "rooms"], "categories": ["facility", "loation_surroundings", "food"], "userImg": "user-img.png"}, {"user_name": "Caitlin S", "user_wrote_time": "Sep 2018", "contriNum": "6 contributions", "helpfulNum": "8 helpful votes", "currentRating": "4.0", "title": "Clean, and reasonable ", "content": "We stayed for one night at the Huttons Hotel in London, as it was relatively cheap and clean looking. We were not disappointed when we got there, the room was clean, it had free wifi and was within walking distance to Buckingham Palace and the subway. The area was nice and safe.", "time": " September 2018", "helpful_vote": 0, "polarity": 0.653, "keywords": "['cheap', 'hotel', 'wifi', 'safe', 'clean']", "matchKeywords": ["cheap", "hotel", "wifi", "safe", "clean"], "categories": ["emotional_descriptions", "facility"], "userImg": "user-img.png"}, {"user_name": "Abbie T", "user_wrote_time": "Sep 2018", "contriNum": "2 contributions", "helpfulNum": "0", "currentRating": "1.0", "title": "DO NOT RECOMMEND HUTTONS HOTEL AT ALL!", "content": "DO NOT RECOMMEND HUTTONS HOTEL AT ALL! We stayed at Huttons Hotel last night as me and my mum went to London for a girly weekend. When we got to our room we were very disappointed. The bathroom wasn't clean, as there were brown marks down the toilet bend which could have been bleached  and the white bath mat was dirty and covered in marks. There wasn't any sanitry disposal bags which are essential for women. There wasnt any decaffeinated tea or coffee or herbal tea in the room and no other bits like hot chocolate or biscuits like you get in the majority of hotels. There also was only 1 teaspoon. There was also no heating or air conditioning controls in the room so you had to call reception to bring up a heater if required. There also wasn't any extra blankets for if it was cold.", "time": " September 2018", "helpful_vote": 0, "polarity": -0.737, "keywords": "['tea', 'toilet', 'bathroom', 'bath', 'mum']", "matchKeywords": ["tea", "toilet", "bathroom", "bath"], "categories": ["facility", "food"], "userImg": "user-img.png"}, {"user_name": "rwn177", "user_wrote_time": "Sep 2018", "contriNum": "15 contributions", "helpfulNum": "3 helpful votes", "currentRating": "1.0", "title": "Poor excuse for a hotel", "content": "Bedroom was small with no room to move around, no closet or dresser. Small bathroom and sink. Had to sneak around the sink to use the toilet. Not many restaurants within walking distance. 20 minute walk to the subway (underground)", "time": " August 2018", "helpful_vote": 0, "polarity": -0.751, "keywords": "['toilet', 'bathroom', 'subway', 'closet', 'underground']", "matchKeywords": ["toilet", "bathroom", "subway", "closet", "underground"], "categories": ["facility", "surrounding_environment"], "userImg": "user-img.png"}, {"user_name": "Catherine10111", "user_wrote_time": "Sep 2018", "contriNum": "2 contributions", "helpfulNum": "0", "currentRating": "4.0", "title": "Good base", "content": "Good base if looking for somewhere to lu your head. Rooms are small but tidy. 2 min walk to Pimlico station and around 20 mins taxi to Oxford street or Covent Garden. Staff were really helpful... booked a taxi, advise you which station to take", "time": " September 2018", "helpful_vote": 0, "polarity": 0.341, "keywords": "['taxi', 'pimlico', 'walk', 'mins', 'small']", "matchKeywords": ["taxi", "pimlico", "small"], "categories": ["facility", "loation_surroundings", "emotional_descriptions"], "userImg": "user-img.png"}, {"user_name": "Tim_Binnington", "user_wrote_time": "Sep 2018", "contriNum": "63 contributions", "helpfulNum": "9 helpful votes", "currentRating": "3.0", "title": "A useful room near Victoria", "content": "The price was ok as a last minute booking. The single room was tiny but tidy. Staff were pleasant. If you need to be near Victoria/Westminster it’s a good spot. There is a Santander Cycle station just up the road.", "time": " August 2018", "helpful_vote": 0, "polarity": 0.043, "keywords": "['tiny', 'tidy', 'pleasant', 'single', 'minute']", "matchKeywords": ["tiny", "tidy", "pleasant"], "categories": ["emotional_descriptions"], "userImg": "user-img.png"}, {"user_name": "Katie B", "user_wrote_time": "Sep 2018", "contriNum": "6 contributions", "helpfulNum": "6 helpful votes", "currentRating": "5.0", "title": "Gem Of A Hotel", "content": "Little gem of a hotel for our trip to London. Fantastic location, a couple of minutes walk to Pimlico Underground & 10 minute walk to Victoria Station. Rooms are small but very clean and modern, housekeeping every day. Breakfast was great, continental or you can upgrade to a cooked breakfast. Staff are incredibly friendly and welcoming, the man who checked us in was lovely, taking the time to point out landmarks on a map and asking us about our trip! Fantastic customer service. Would highly recommend this hotel and will definitely stay here again on future trips to London.", "time": " September 2018", "helpful_vote": 0, "polarity": 0.83, "keywords": "['breakfast', 'pimlico', 'housekeeping', 'hotel', 'london']", "matchKeywords": ["breakfast", "pimlico", "housekeeping", "hotel", "london"], "categories": ["loation_surroundings", "food", "service", "facility"], "userImg": "user-img.png"}, {"user_name": "Rachel A", "user_wrote_time": "Aug 2018", "contriNum": "3 contributions", "helpfulNum": "1 helpful vote", "currentRating": "1.0", "title": "Book the Melita instead", "content": "We arrived to be told there was a problem with the building and we would be staying in a different hotel over the road. A lady on reception took us to this hotel... which she couldn't find, so we were left stood in the rain waiting while she went and got a manager to take us there. When we eventually found the Melita, the receptionist asked for our ids but they had no record of our booking. Bit dodgy!  Turns out the Huttons hotel had overbooked and the manager made us a reservation in his name, she was very reluctant to let us check in \"as we could have been anyone\" which i could totally understand, she was as confused as us. After a few phone calls to the manager to get the booking reference we were allowed to check in, and as soon as the guy from Huttons plugged his breakfast,", "time": " August 2018", "helpful_vote": 0, "polarity": -0.786, "keywords": "['receptionist', 'manager', 'rain', 'hotel', 'lady']", "matchKeywords": ["receptionist", "manager", "hotel"], "categories": ["service", "facility"], "userImg": "user-img.png"}, {"user_name": "ela03", "user_wrote_time": "Aug 2018", "contriNum": "346 contributions", "helpfulNum": "157 helpful votes", "currentRating": "5.0", "title": "2nd visit another great stay.", "content": "This was our 2nd visit to Huttons Hotel we enjoy the location and the quality of rooms.  We were travelling after being on holiday abroad so we required a hotel within walking distance to Victoria Station as we had a lot of luggage this hotel is an ideal location.    It is walking distance to Pimlico Underground and Victoria Station.    Rooms are clean and tidy although compact definitely better quality than other hotel we have stayed in.    Staff are very welcoming and accommodating they provided a fan for our room, on our first night there it was heavy rain and staff provided us with an umberella.    We booked directly with hotel so we saved 10% and received free lite breakfast, breakfast included cereals, bread, cheese, fruit and tea or coffee and fruit juice.  There was an", "time": " July 2018", "helpful_vote": 1, "polarity": 0.098, "keywords": "['breakfast', 'hotel', 'pimlico', 'holiday', 'tea']", "matchKeywords": ["breakfast", "hotel", "pimlico", "holiday", "tea"], "categories": ["food", "facility", "loation_surroundings", "time"], "userImg": "user-img.png"}, {"user_name": "srichter28", "user_wrote_time": "Aug 2018", "contriNum": "29 contributions", "helpfulNum": "20 helpful votes", "currentRating": "1.0", "title": "Hostel at Hotel Price ", "content": "We were booked here by a travel agent and made the mistake of not looking at the reviews ourselves.  Family of 4 with 2 teens-we arrived when it was 89 degrees and the room was stifling hot with a small oscillating fan.  We could not fit the 4 of us and our luggage into he room.  The room had 3 twin beds with very thin mattresses, no box springs, and a smaller twin bed that looked more like a camp cot with a thin mattress.  I was happy to stay in this type of place back in my college student, backpacking and hostel days, but at this price, there are many better options.  We were very fortunate to  find an alternative hotel with AC and adequate space for 4 normal sized humans and luggage for a 2 week trip (NOT backpacking)   If you want a hostel, this is your place! If you want", "time": " August 2018", "helpful_vote": 1, "polarity": -0.358, "keywords": "['mattress', 'mattresses', 'bed', 'beds', 'hotel']", "matchKeywords": ["mattress", "bed", "beds", "hotel"], "categories": ["facility"], "userImg": "user-img.png"}, {"user_name": "batman408", "user_wrote_time": "Aug 2018", "contriNum": "50 contributions", "helpfulNum": "27 helpful votes", "currentRating": "2.0", "title": "Very Small rooms; no A/C", "content": "Went  for a family trip. Pleasant staff; small rooms, no A/C; Need to ask for fans. The best part is it's location close to Victoria Station. My daughters also were staying in another room. We told them ahead of time that they were leaving one day earlier than booked by our agent. The agent said to just get proof that they left a day earlier which we did and submitted for a refund. The booking agent said that when they submitted the information the hotel refused to issue our refund for that day. Wonder if they rented it out to someone else plus kept our payment. Very unprofessional if you ask me. Would not recommend this place. Many other similar places in the same area for about the same price.", "time": " June 2018", "helpful_vote": 0, "polarity": -0.509, "keywords": "['daughters', 'hotel', 'agent', 'rented', 'unprofessional']", "matchKeywords": ["hotel"], "categories": ["facility"], "userImg": "user-img.png"}, {"user_name": "Linda N", "user_wrote_time": "Jul 2018", "contriNum": "415 contributions", "helpfulNum": "69 helpful votes", "currentRating": "3.0", "title": "Frist European Hotel", "content": "This is my first European hotel experience so it is alitte hard for me to review. Frist the room is clean as and staff helpful.  Rooms seen to be pretty soundproof.  No air conditioning. Bug you will get a fan. Nights are reasonable cool. Shower has great pressure, but small. Our room had three twins, but could have had four. No dressers.  Small area to hang clothes. Room worked for what it was needed for sleep. Many restaurants in the area. Pretty close to the tube station. Laundromat was close by. Relatively a good experience. ", "time": " July 2018", "helpful_vote": 0, "polarity": -0.158, "keywords": "['shower', 'hotel', 'dressers', 'laundromat', 'soundproof']", "matchKeywords": ["shower", "hotel"], "categories": ["facility"], "userImg": "user-img.png"}, {"user_name": "nmuwildcat", "user_wrote_time": "Jul 2018", "contriNum": "28 contributions", "helpfulNum": "8 helpful votes", "currentRating": "3.0", "title": "Clean but small. Not the best for business travelers.", "content": "This place has a good location and offers a decent value but it's really not the best for business travelers. The rooms are small with nowhere to work. Other than that, it's an okay option if you need to stay near Westminster or Victoria Station.", "time": " May 2018", "helpful_vote": 0, "polarity": -0.709, "keywords": "['small', 'business', 'decent', 'best', 'travelers']", "matchKeywords": ["small", "business", "best"], "categories": ["emotional_descriptions", "travelling_purpose"], "userImg": "user-img.png"}, {"user_name": "Amanda Betty", "user_wrote_time": "Jun 2018", "contriNum": "64 contributions", "helpfulNum": "28 helpful votes", "currentRating": "4.0", "title": "Lovely clean hotel, fab location", "content": "Stayed here for 4 nights in June 2018. We usually stay on Belgrave Road whenever we come to London but the cleanliness of the hotel where we normally stay has recently dipped significantly. Booked here in the hope that it would be clean if nothing else. We were not disappointed in the slightest, in fact of all the hotels we have stayed at on Belgrave Road (6 including here) this is by far the best.  The hotel itself was very clean, bright and modern. The reception staff were pleasant, and although we did have to wait a couple of times for someone this was a matter of seconds rather than minutes. The lift is very slow, but it’s a very old building so it wasn’t too much of a problem. Our room (floor 4) while small (we already knew it would be) had everything we needed - a bed,", "time": " June 2018", "helpful_vote": 1, "polarity": 0.005, "keywords": "['june', 'hotel', 'nights', 'cleanliness', 'hotels']", "matchKeywords": ["june", "hotel", "nights", "cleanliness", "hotels"], "categories": ["time", "facility", "emotional_descriptions"], "userImg": "user-img.png"}, {"user_name": "jodysmith16", "user_wrote_time": "Jun 2018", "contriNum": "17 contributions", "helpfulNum": "1 helpful vote", "currentRating": "3.0", "title": "Too many steps", "content": "We stayed in this hotel in June of 2018. It was a last minute booking.  We had a room that accommodated 4 people to sleep, but only to sleep.  There was barely any room to get around the beds otherwise.  As you step into the suite there are 4-5 steps down into the room and then another step or two up into the bathroom.  I don't really have an issue with steps, but getting a 28 inch piece of luggage (or 4 in our case) up and down the steps was very cumbersome.  The front desk arranged a private taxi for us to the airport and we were told the flat rate cost of the trip, the driver charged us more, which is probably our fault, I'd just say beware.", "time": " June 2018", "helpful_vote": 0, "polarity": -0.57, "keywords": "['june', 'bathroom', 'taxi', 'hotel', 'sleep']", "matchKeywords": ["june", "bathroom", "taxi", "hotel", "sleep"], "categories": ["facility", "time", "emotional_descriptions"], "userImg": "user-img.png"}, {"user_name": "Deborah R", "user_wrote_time": "Jun 2018", "contriNum": "3 contributions", "helpfulNum": "0", "currentRating": "3.0", "title": "Family vacation", "content": "Great for location, walking distance to Victoria Station.  Disappointed with the real quality of the fittings and furnishings in the rooms.  Pillows certainly need replacing.  Breakfast was very reasonable.", "time": " June 2018", "helpful_vote": 0, "polarity": -0.101, "keywords": "['breakfast', 'disappointed', 'walking', 'pillows', 'furnishings']", "matchKeywords": ["breakfast", "disappointed", "pillows"], "categories": ["food", "emotional_descriptions", "facility"], "userImg": "user-img.png"}, {"user_name": "Amanda C", "user_wrote_time": "Jun 2018", "contriNum": "19 contributions", "helpfulNum": "7 helpful votes", "currentRating": "1.0", "title": "Totally disappointed with this hotel ", "content": "Family Weekend to London for The first time as our took our disabled daughter who has to use a wheelchair to get about when we booked this we would insure that I had disabled access for people in wheelchairs so we arrived there to find we had to lift her up three steps as we had to do this every time we went out and in .the room was very small for four people and a wheelchair also the bathroom was a box as you couldn’t swing a cat in it  . Air-con there was none they give us a small fan to put in the room as it was useless also the lights and plug switches the said to turn on the switch at the bottom but it didn’t work and all the hallways they had rugs and all they did catch my daughters wheelchair as the were light weight ones and we where situated right beside the lift and", "time": " May 2018", "helpful_vote": 0, "polarity": -0.885, "keywords": "['wheelchairs', 'wheelchair', 'cat', 'disabled', 'daughter']", "matchKeywords": ["daughter"], "categories": ["companion"], "userImg": "user-img.png"}, {"user_name": "mfwalshy", "user_wrote_time": "May 2018", "contriNum": "60 contributions", "helpfulNum": "18 helpful votes", "currentRating": "2.0", "title": "Not suitable for business travellers not more than 1 day", "content": "Although well situated, I would not recommend this hotel for business travellers - the rooms are very small, there is no desk or anywhere to work, there is nowhere to put any clothes except a few hangers (no drawers, no shelves) and the bathroom is minute - the sink is so small, I can hardly get my 2 hands in it - with no room to move and nowhere to put my toiletries...  When I arrived, the reception was empty - I even tried calling the hotel while in reception but to no avail.  The first room I was given was underground with a tiny ceiling level skylight, the second was directly on the street and quite noisy...", "time": " May 2018", "helpful_vote": 0, "polarity": -0.786, "keywords": "['toiletries', 'bathroom', 'sink', 'underground', 'tiny']", "matchKeywords": ["toiletries", "bathroom", "sink", "underground", "tiny"], "categories": ["facility", "surrounding_environment", "emotional_descriptions"], "userImg": "user-img.png"}, {"user_name": "Diego Z", "user_wrote_time": "May 2018", "contriNum": "374 contributions", "helpfulNum": "200 helpful votes", "currentRating": "2.0", "title": "Terrible quality, great position", "content": "I luckily spent only one night here. At my arrival i had to wait 20 mins because in spite of 24h reception, no one was there. Next surprise, the single room: do you know ferry boat cabines? The room was even smaller!!! I’m 183 cm, and i had to spend the night in diagonal position. The bathroom: again, exactly the same as the ferry boat cabines ones (wc, “shower” and sink, all in 1 meter sq.). It was also dirty, i found some hairs...all the hotel seemed to be dirty. Breakfast, to be paid in advance, is poor quality. Finally, the only reason why i think it’s a 2 rate and not 1, is the position. It’s very good place, 5 min by walk to Victoria station and in a great district...but i wouldn’t recommend it.", "time": " May 2018", "helpful_vote": 0, "polarity": -0.701, "keywords": "['shower', 'bathroom', 'breakfast', 'sink', 'night']", "matchKeywords": ["shower", "bathroom", "breakfast", "sink", "night"], "categories": ["facility", "food", "time"], "userImg": "user-img.png"}, {"user_name": "acmoss265", "user_wrote_time": "May 2018", "contriNum": "3 contributions", "helpfulNum": "1 helpful vote", "currentRating": "3.0", "title": "Great Central Location", "content": "We came for the bank holiday weekend for a theatre/sightseeing experience.  The hotel was literally just up the road from Victoria Coach Station and was within a short walking distance to Pimlico Underground Station.  If you are fit and like the walk, its not very far at all for all the central landmarks/sightseeing experiences.  We arrived at 11.00am (check-in was at 2.00pm) but the gentleman who greeted us on reception was very accommodating, allowing us to dump our bags in the luggage room and asked the maid if they could rush the room through for us as our theatre show was at 2.30pm at Covent Garden. We literally left to get a bite to eat and when we came back our room was ready early for us which we were exceptionally grateful for.  Reception provided us with a map of", "time": " May 2018", "helpful_vote": 0, "polarity": -0.094, "keywords": "['30pm', 'pimlico', 'holiday', 'hotel', 'sightseeing']", "matchKeywords": ["30pm", "pimlico", "holiday", "hotel", "sightseeing"], "categories": ["time", "loation_surroundings", "facility", "surrounding_environment"], "userImg": "user-img.png"}, {"user_name": "AnnaHenri", "user_wrote_time": "May 2018", "contriNum": "40 contributions", "helpfulNum": "12 helpful votes", "currentRating": "3.0", "title": "Very Basic", "content": "The hotel is for those who do not have mobility issues and only want a so-so comfortable bed to sleep in while in London.  The room had steep steps in it to get down to the room level, there was another high step to the bathroom.  There is very little to no place for your things, clothes or toiletries, thankfully we had an extra bed in our room and used it as a surface to keep our thing in.  All noise from the hallway or the neighboring rooms will be heard in the room. There was an electric kettle in the room, no hairdryer, no fridge, no ice machine in the hotel, the wifi was okay but not very reliable. The room was very warm because the heater was on even though it was 20C outside. We did not buy the breakfast.  A basic hotel for those who do not require much while traveling.", "time": " May 2018", "helpful_vote": 0, "polarity": -0.55, "keywords": "['bed', 'toiletries', 'bathroom', 'fridge', 'sleep']", "matchKeywords": ["bed", "toiletries", "bathroom", "fridge", "sleep"], "categories": ["facility", "emotional_descriptions"], "userImg": "user-img.png"}, {"user_name": "becky2468", "user_wrote_time": "Apr 2018", "contriNum": "8 contributions", "helpfulNum": "8 helpful votes", "currentRating": "5.0", "title": "Lovely hitwl", "content": "We stayed here in October for a Theatre/sightseeing break. The hotels location was ideal for arriving at Victoria coach station and for seeing the sights whilst there. The room was clean and spacious, with tea and coffee making facilities, hairdryer and toiletries. The breakfast each morning was lovely and all staff we encountered were very attentive and helpful. We were also able to leave our suitcases in a secure room at the hotel on our last day so we could have more time exploring after we had checked out before returning home. This was fantastic as it made our holiday even more enjoyable. ", "time": " October 2017", "helpful_vote": 0, "polarity": 0.523, "keywords": "['breakfast', 'tea', 'holiday', 'sightseeing', 'morning']", "matchKeywords": ["breakfast", "tea", "holiday", "sightseeing", "morning"], "categories": ["food", "time", "surrounding_environment"], "userImg": "user-img.png"}, {"user_name": "Citibadger", "user_wrote_time": "Apr 2018", "contriNum": "102 contributions", "helpfulNum": "37 helpful votes", "currentRating": "4.0", "title": "Great central location", "content": "We booked for the London Marathon and as we were catching the coach to Victoria this was the perfect choice.   From the coach station it was a leisurely 5 minute walk along a nice quiet (for London) flat ish street. On arrival the hotel staff were very friendly and accommodating. They offered a (lockable) luggage room which saved us lugging our suitcase around London all day as we arrived at about 10.30am.   We returned later and got our room, an en suite as requested. The room was compact but comfy and was very clean, which for me is a must. The shower in the room was nice and newly decorated. We had room 210 which was nice with no adjoining rooms as it was between floors 2&3.   The WiFi was free and a good speed, which was a bonus.   Breakfast was strictly from 7.30am which", "time": " April 2018", "helpful_vote": 0, "polarity": 0.482, "keywords": "['marathon', 'breakfast', 'shower', 'london', 'hotel']", "matchKeywords": ["breakfast", "shower", "london", "hotel"], "categories": ["facility", "food", "loation_surroundings"], "userImg": "user-img.png"}, {"user_name": "Lorraineshortt", "user_wrote_time": "Apr 2018", "contriNum": "152 contributions", "helpfulNum": "48 helpful votes", "currentRating": "5.0", "title": "3 nite stay", "content": "Nice hotel would rate it as a 3 star. Rooms are small but clean. Has wifi and reception staff are very friendly and co-operative.  Prices are reasonable and location is excellent very close to Victoria train station and shopping areas. Great restaurants/pubs in the areas and a shopping centre near by. ", "time": " April 2018", "helpful_vote": 0, "polarity": 0.827, "keywords": "['wifi', 'clean', 'friendly', 'hotel', 'restaurants']", "matchKeywords": ["wifi", "clean", "friendly", "hotel", "restaurants"], "categories": ["facility", "emotional_descriptions"], "userImg": "user-img.png"}, {"user_name": "Mats O", "user_wrote_time": "Mar 2018", "contriNum": "91 contributions", "helpfulNum": "33 helpful votes", "currentRating": "1.0", "title": "very cold rooms", "content": "I just needed a simple hotel in the city checking in late leaving early don´t see the point to spend much more on sleep mayby I should The room was extremly Cold no extra blankets and no help from reception", "time": " December 2017", "helpful_vote": 0, "polarity": -0.999, "keywords": "['sleep', 'late', 'cold', 'hotel', 'blankets']", "matchKeywords": ["sleep", "late", "cold", "hotel"], "categories": ["emotional_descriptions", "facility"], "userImg": "user-img.png"}, {"user_name": "Juli99", "user_wrote_time": "Mar 2018", "contriNum": "144 contributions", "helpfulNum": "50 helpful votes", "currentRating": "4.0", "title": "Great location", "content": "Had a lovely stay with friends for a weekend in London. The location is great, in Victoria, with a bus stop right across the street, and within a few blocks from two tube stations. The staff is friendly and efficient. Rooms are very comfortable. ", "time": " November 2017", "helpful_vote": 0, "polarity": 0.997, "keywords": "['comfortable', 'weekend', 'london', 'friends', 'efficient']", "matchKeywords": ["comfortable", "weekend", "london", "friends", "efficient"], "categories": ["emotional_descriptions", "time", "loation_surroundings"], "userImg": "user-img.png"}, {"user_name": "KINGLOUISFR", "user_wrote_time": "Mar 2018", "contriNum": "182 contributions", "helpfulNum": "36 helpful votes", "currentRating": "5.0", "title": "Value for Money in Center London", "content": "Dear Tripadvisors, we had the opportunity to stay at this property during our business trip in London and we have to begin by saying that this is an excellent value for money hotel in the center of London.  It is located 20 minutes walk from Harrods, 20 minutes from Buckingham palace , 5 minutes to Victoria station in a residential area where there is food, supermarkets and banks and business centers, money change.  The value for money of this hotel is excellent, we would recommend this to anyone looking for a low budget stay in London in an excellent area and a comfortable bed with a clean bathroom.", "time": " March 2018", "helpful_vote": 0, "polarity": 0.886, "keywords": "['hotel', 'london', 'supermarkets', 'bathroom', 'buckingham']", "matchKeywords": ["hotel", "london", "supermarkets", "bathroom", "buckingham"], "categories": ["facility", "loation_surroundings", "surrounding_environment"], "userImg": "user-img.png"}, {"user_name": "Cruiser607835", "user_wrote_time": "Mar 2018", "contriNum": "25 contributions", "helpfulNum": "8 helpful votes", "currentRating": "3.0", "title": "Fine for 1 night stay", "content": "Hotel is easy to find, just a short walk from Pimlico station. The reception staff were pretty friendly and gave us the maps we needed and explanations as to where things were. The room was a bit pokey and basic, advertising having a hair dryer in the room but there wasn’t one. Bathroom very small and shower not very powerful. All in all it was fine for 1 night but I wouldn’t stay any longer ", "time": " February 2018", "helpful_vote": 0, "polarity": -0.394, "keywords": "['bathroom', 'dryer', 'shower', 'hotel', 'pimlico']", "matchKeywords": ["bathroom", "dryer", "shower", "hotel", "pimlico"], "categories": ["facility", "loation_surroundings"], "userImg": "user-img.png"}, {"user_name": "marinestfl", "user_wrote_time": "Feb 2018", "contriNum": "3 contributions", "helpfulNum": "8 helpful votes", "currentRating": "1.0", "title": "HORRIBLE HOTEL & STAFF", "content": "I’m absolutely disappointed. Unkind staff. I paid more than £380 for 4 nights in a VERY COLD and small single room. I slept with gloves and I was sick, I had to go to a doctor and I didn’t enjoy my trip.   When I said it to them they gave me a second radiatory but it didn’t change anything. And the only thing they could answer was that I took the cheapest room because it was a single one, that’s why it wasn’t a nice one. But even if it’s cheap (which is not, my friends had a double room and paid the same things than me with a single room) it’s unacceptable to sleep in a room with 15 celsius degrees (=59 Fahrenheit degrees) EVEN IF IT’S CHEAP ! And more than that : staff absolutely don’t care about what you say,for them they are right and you’re wrong. We can see it clearly when", "time": " February 2018", "helpful_vote": 0, "polarity": -0.772, "keywords": "['cheapest', 'sick', 'disappointed', 'celsius', 'unkind']", "matchKeywords": ["disappointed"], "categories": ["emotional_descriptions"], "userImg": "user-img.png"}, {"user_name": "aliihsanozten", "user_wrote_time": "Feb 2018", "contriNum": "15 contributions", "helpfulNum": "2 helpful votes", "currentRating": "3.0", "title": "Very clean hotel", "content": "I recommend to stay this hotel. Hotel Clean and staff was helpful. The rooms are nice and clean. Location is Close to every where. Only continental breakfast is a little bit poor. You have to order English breakfast. I recommend you can  stay at  this hotel with comfort.", "time": " February 2018", "helpful_vote": 0, "polarity": 0.69, "keywords": "['breakfast', 'hotel', 'clean', 'english', 'comfort']", "matchKeywords": ["breakfast", "hotel", "clean"], "categories": ["food", "facility", "emotional_descriptions"], "userImg": "user-img.png"}, {"user_name": "Paul J", "user_wrote_time": "Jan 2018", "contriNum": "1 helpful vote", "helpfulNum": "0", "currentRating": "5.0", "title": "Excellent choice by the Girlf", "content": "I don’t know who’s been leaving less favourable reviews on here but in the politest way possible, perhaps they’re suffering the after effects of smoking crack   Hotel was exactly what we paid for (£59). Room was not big but more than ample for a nights stay. It had an en-suite bathroom and room was clean, modern and bed was comfortable (so much so we slept 11hrs).   Staff were very friendly and accommodating and kept hold of our luggage for the entirety of the day we checked out so we were free to wander without it in tow.   Check out is 10am or £10 per hour thereafter. We left our room about 10:40 but weren’t charged any extra. Breakfast was £3 / £7.50 but we opted to laze in bed and go find our own.   If you’re looking for a hotel to parade around the room in giant strides", "time": " January 2018", "helpful_vote": 1, "polarity": -0.479, "keywords": "['breakfast', '10am', 'politest', 'slept', 'hotel']", "matchKeywords": ["breakfast", "slept", "hotel"], "categories": ["food", "emotional_descriptions", "facility"], "userImg": "user-img.png"}, {"user_name": "Stacey a", "user_wrote_time": "Jan 2018", "contriNum": "6 contributions", "helpfulNum": "4 helpful votes", "currentRating": "4.0", "title": "room type", "content": "the room we had was not big enough for 3 people at all and the shower was rubbish aswell only one tap worked they were help at the reception.. and there was no air con the room got really hot at night time...", "time": " December 2017", "helpful_vote": 0, "polarity": -0.991, "keywords": "['shower', 'rubbish', 'night', 'tap', 'room']", "matchKeywords": ["shower", "night", "room"], "categories": ["facility", "time"], "userImg": "user-img.png"}, {"user_name": "bnewnham1", "user_wrote_time": "Jan 2018", "contriNum": "1 contribution", "helpfulNum": "0", "currentRating": "2.0", "title": "Overnight stay", "content": "No storage for clothes/few hangers only: space between the twin beds for one person at a time: no plug in very small basin: care to be taken when leaning over basin as shelf overhung basin: chipped shower base.", "time": " December 2017", "helpful_vote": 0, "polarity": -0.936, "keywords": "['shower', 'beds', 'space', 'basin', 'plug']", "matchKeywords": ["shower", "beds"], "categories": ["facility"], "userImg": "user-img.png"}]}