{"name": "The_Captain_Cook", "price": "$103", "img": "holder.js/250x250?theme=thumb", "rating": "4.5", "ratingNum": 31, "reviews": [{"user_name": "georgeyboy714", "user_wrote_time": "Jan 2021", "contriNum": "33 contributions", "helpfulNum": "7 helpful votes", "currentRating": "5.0", "title": "Faultless - Highly, highly recommend.", "content": "I've stayed here a few times now - each time during Covid - for different reasons and each time it's been faultless. First time my car had broken down so stayed here out of luck and enjoyed it so much it's now my go to London room when I'm down for work.  So easy and straight forward - Tom that works there makes life very easy with very clear and friendly instructions for the no contact check in and out. You don't have to see anyone else at all which is obviously ideal at a time like now.  Street parking just outside that isn't much at all - then the rooms are perfect little, comfortable spaces that somehow just feel up and out the way and very homely. I look forward to going back every time.  Myself and my partner love it there and I'm sure we'll be using this place for a long time to come.  Highly, highly recommend.", "time": " November 2020", "helpful_vote": 0, "polarity": 0.387, "keywords": "['covid', 'london', 'homely', 'faultless', 'luck']", "matchKeywords": ["london"], "categories": ["loation_surroundings"], "userImg": "user-img.png"}, {"user_name": "Pete S", "user_wrote_time": "Jan 2020", "contriNum": "298 contributions", "helpfulNum": "144 helpful votes", "currentRating": "4.0", "title": "Excellent Value", "content": "Compared with the chain hotels this place is excellent value. Very comfortable and clean.  Lacks a lift but the stairs are not too steep. No breakfast, but lots of places nearby. Check-in and out is hassle-free.  The pub restaurant offers very good food and reasonable prices. Will certainly stay again.", "time": " January 2020", "helpful_vote": 0, "polarity": 0.619, "keywords": "['restaurant', 'comfortable', 'hotels', 'pub', 'breakfast']", "matchKeywords": ["restaurant", "comfortable", "hotels", "pub", "breakfast"], "categories": ["facility", "emotional_descriptions", "food"], "userImg": "user-img.png"}, {"user_name": "Drinkbabes179", "user_wrote_time": "Dec 2019", "contriNum": "61 contributions", "helpfulNum": "39 helpful votes", "currentRating": "5.0", "title": "Stunning ", "content": "I came here with an empty stomach and heart. It was filled by the most amazing roast that ticked every box!!! The staff were absolutely amazing and were so kind and loving and I cannot fault my night!!!! Get down and get involved ", "time": " December 2019", "helpful_vote": 1, "polarity": 0.335, "keywords": "['roast', 'ticked', 'loving', 'heart', 'stomach']", "matchKeywords": [], "categories": ["others"], "userImg": "user-img.png"}, {"user_name": "Familybreaks", "user_wrote_time": "Oct 2019", "contriNum": "451 contributions", "helpfulNum": "274 helpful votes", "currentRating": "4.0", "title": "Good food with very friendly staff", "content": "We’d read the reviews and pre booked a table. When we arrived we were told we could sit anywhere, booking seemingly hadn’t been necessary. There is a dedicated dining area but aside from one family eating, everyone else was in groups just drinking and in the case of one particular group being unnecessarily loud. The food is well priced, with the menu being more extensive and interesting than the sample one online, so we were pleasantly surprised. We had a sharing Camembert to start, then mains of steak and mussels. All of it was very good. There seems to be a skeleton staff, as Tom, who was mainly behind the bar, appeared to be responsible for everything bar cooking. He didn’t stop all evening, but still had time to give a warm greeting and make you feel welcome. All in all a good evening, we were impressed with the food, will return and bring the family along next time. ", "time": " October 2019", "helpful_vote": 0, "polarity": 0.088, "keywords": "['steak', 'dining', 'eating', 'menu', 'cooking']", "matchKeywords": ["dining", "eating", "menu"], "categories": ["food"], "userImg": "user-img.png"}, {"user_name": "Steve O", "user_wrote_time": "Oct 2019", "contriNum": "43 contributions", "helpfulNum": "10 helpful votes", "currentRating": "4.0", "title": "great stay", "content": "read some good n bad reviews but hey ho lets give it a go. stayed in room 3 with private bathroom 6 steps along the corridor. bedroom was spacious and clean two big armchairs and writing table, good coffee and electric kettle /machine. lacking fridge, windows do have blackout curtains and an enormous comfortable bed. had a couplep of drinks in the bar and spoke to a very friendly manager. nearest tube is either Fulham Broadway or Parsons green 10-15 minutes, with Fulham offering more options for pubs etc whilst passing. highly recommended large clean affordable rooms. ", "time": " October 2019", "helpful_vote": 0, "polarity": -0.144, "keywords": "['fridge', 'coffee', 'bathroom', 'bed', 'bedroom']", "matchKeywords": ["fridge", "coffee", "bathroom", "bed", "bedroom"], "categories": ["facility", "food"], "userImg": "user-img.png"}, {"user_name": "Morgans369", "user_wrote_time": "Oct 2019", "contriNum": "72 contributions", "helpfulNum": "67 helpful votes", "currentRating": "1.0", "title": "Not for women on their own", "content": "This pub looks great on the website in reality it’s tired.  The tv didn’t work the radiator was so hot the window opened onto a flat roof with steps to it from outside. Access to the room was just next to the pub a dark key code.  I was going to have something to eat and there were a lads outside smoking and drinking saying now we know you are staying there. I didn’t feel safe and left having paid in full.", "time": " October 2019", "helpful_vote": 1, "polarity": -0.841, "keywords": "['pub', 'tired', 'smoking', 'drinking', 'tv']", "matchKeywords": ["pub", "tired", "tv"], "categories": ["facility", "emotional_descriptions"], "userImg": "user-img.png"}, {"user_name": "27Jack", "user_wrote_time": "Oct 2019", "contriNum": "18 contributions", "helpfulNum": "8 helpful votes", "currentRating": "5.0", "title": "Brilliant Boozer ", "content": "Sunday lunch (in mid afternoon) at this fab boozer on Dawes Road. The beef was bloody and succulent, the Yorkshire and spuds crisp yet light, the veg just on the cusp of crunchy (hell yes!) and as the cauliflower cheese... well let’s just say this is far from the first time we’ve indulged here and it won’t be the last either!  The team are effortless yet polished and attentive, the place reeks of casual charm which hides an almost relentless passion to get it right and get it done.   Perfection! ", "time": " October 2019", "helpful_vote": 0, "polarity": 0.194, "keywords": "['beef', 'lunch', 'cheese', 'sunday', 'afternoon']", "matchKeywords": ["lunch", "cheese", "sunday", "afternoon"], "categories": ["food", "time"], "userImg": "user-img.png"}, {"user_name": "janayj333", "user_wrote_time": "Jul 2019", "contriNum": "16 contributions", "helpfulNum": "13 helpful votes", "currentRating": "5.0", "title": "Great stay!", "content": "My friends and I booked The Captain Cook for stay as a hen do. There were 16 of us and we had a total of 7 rooms.   The rooms were very spacious and clean. We managed to use if of the bedrooms as a spare communal gathering room as it was so big. Each room had tea facilities and a coffee maker, which was useful for the hangovers.   Although it was pretty far from the station, we were able to easily get an Uber to our destinations.   Overall a great stay with welcoming staff. ", "time": " August 2019", "helpful_vote": 0, "polarity": 0.153, "keywords": "['tea', 'bedrooms', 'coffee', 'hangovers', 'cook']", "matchKeywords": ["tea", "bedrooms", "coffee"], "categories": ["food", "facility"], "userImg": "user-img.png"}, {"user_name": "Katie M", "user_wrote_time": "Jul 2019", "contriNum": "5 contributions", "helpfulNum": "0", "currentRating": "5.0", "title": "Good value for money", "content": "My husband and I stayed at the Captain for two nights when we went to Wimbledon for the day and couldn't fault the accomodation for the price we paid. The rooms are spacious for London and the food at the pub is excellent. Would definitely stay again and would recommend to others. ", "time": " July 2019", "helpful_vote": 0, "polarity": 0.538, "keywords": "['wimbledon', 'pub', 'husband', 'nights', 'london']", "matchKeywords": ["pub", "husband", "nights", "london"], "categories": ["facility", "companion", "time", "loation_surroundings"], "userImg": "user-img.png"}, {"user_name": "Soundsdifferent", "user_wrote_time": "Jun 2019", "contriNum": "111 contributions", "helpfulNum": "32 helpful votes", "currentRating": "5.0", "title": "A magical hotel in the heart of Fulham", "content": "Could not think of a better place to stay in Fulham, from the welcome of the staff downstairs to the amazing rooms and amenities upstairs, next time I’m in London I know where I will be booking, the room had an extensive tea and coffee area and I really loved the international plugs on the walls. ", "time": " June 2019", "helpful_vote": 0, "polarity": 0.986, "keywords": "['tea', 'coffee', 'london', 'upstairs', 'rooms']", "matchKeywords": ["tea", "coffee", "london", "rooms"], "categories": ["food", "loation_surroundings", "facility"], "userImg": "user-img.png"}, {"user_name": "LoveTravelDave", "user_wrote_time": "May 2019", "contriNum": "18 contributions", "helpfulNum": "7 helpful votes", "currentRating": "5.0", "title": "Fantastic pub/lodging in Fulham", "content": "My partner and I stayed at the Captain Cook during the first week of May 2019. We could not have been more impressed with the experience. Tom and Jack, who run the pub, were incredibly kind and hospitable, and the entire staff went out of their way to make us feel welcomed. The pub itself is warm and inviting, and the food is some of the best we've had in London. We felt as though this became our second home while we were in the UK. We cannot recommend this location enough.", "time": " May 2019", "helpful_vote": 1, "polarity": 0.995, "keywords": "['pub', 'cook', 'home', '2019', 'london']", "matchKeywords": ["pub", "home", "london"], "categories": ["facility", "emotional_descriptions", "loation_surroundings"], "userImg": "user-img.png"}, {"user_name": "Jack", "user_wrote_time": "Apr 2019", "contriNum": "1 contribution", "helpfulNum": "0", "currentRating": "5.0", "title": "Lovely place to stay.", "content": "Found this on Hotels.com and was able to use my clubcard vouchers to book this hotel and it exceeded my expectations. The room was lovely and clean and had good facilities such as a coffee machine and everything that we needed. Was only using it as we went to a gig at Under the Bridge and was not far to the centre of Fulham. Staff were very polite. We also ate at the restaurant and had one of the best burgers that I have ever eaten. Would definitely return if I was in the area.", "time": " April 2019", "helpful_vote": 0, "polarity": 0.537, "keywords": "['burgers', 'clubcard', 'restaurant', 'hotel', 'coffee']", "matchKeywords": ["restaurant", "hotel", "coffee"], "categories": ["facility", "food"], "userImg": "user-img.png"}, {"user_name": "June S", "user_wrote_time": "Feb 2019", "contriNum": "16 contributions", "helpfulNum": "10 helpful votes", "currentRating": "5.0", "title": "Good overnight stay", "content": "Stayed here one night prior to an early appointment at Charing Cross Hospital, which was a short walk away (5 minutes by bus) The rooms have their own entrance separate to the pub, however reception duties are taken care of at the bar.  Check in was friendly and efficient and we were shown to our room and the facilities explained to us. We had room 2 which was spacious, comfortable, and with en suite facilities. The pub itself was busy however you cannot hear it from the room.  We spent the evening in the bar and both had very enjoyable meals. My husband had the burger which is huge and he said was excellent. My steak was very tasty but if I return I would have the burger.  We would definitely stay again and recommend.", "time": " February 2019", "helpful_vote": 0, "polarity": 0.347, "keywords": "['burger', 'steak', 'pub', 'meals', 'bar']", "matchKeywords": ["pub", "meals", "bar"], "categories": ["facility", "food"], "userImg": "user-img.png"}, {"user_name": "Katka D", "user_wrote_time": "Feb 2019", "contriNum": "46 contributions", "helpfulNum": "16 helpful votes", "currentRating": "5.0", "title": "Excellent stay near football stadium", "content": "We had 2 bedrooms with shared bathroom. Everything was clean. There is coffe maker with big choice of capsules and a electric kettle in the room. I was afraid because of the pub downstairs but it´s not noisy. On photos the rooms look smallers than in  reality", "time": " February 2019", "helpful_vote": 0, "polarity": -0.148, "keywords": "['bathroom', 'bedrooms', 'kettle', 'downstairs', 'rooms']", "matchKeywords": ["bathroom", "bedrooms", "kettle", "rooms"], "categories": ["facility"], "userImg": "user-img.png"}, {"user_name": "Toptash87", "user_wrote_time": "Jan 2019", "contriNum": "24 contributions", "helpfulNum": "5 helpful votes", "currentRating": "5.0", "title": "Extremely pleasant stay", "content": "On arrival at the captain cook we found the parking very generous for on street. The chap who greeted us we can't fault, he was informative, polite and very easy to get on with ( I unfortunately didn't get his name).   We was shown our room which was spacious, warm and had everything we needed down to tasty pod coffees, big tv, very nice shower, and information folder.  The bed was massive and comfortable and all the linins were very clean and neat.  The food in the pub downstairs is delicious, options for vegans and meat eaters alike. I had the vegan option and it was the tastiest meal I've had out, I'd of had all 3 courses if my partner wasn't poorly from the trip.   I would 100% recommend staying here.", "time": " January 2019", "helpful_vote": 1, "polarity": 0.687, "keywords": "['vegan', 'vegans', 'tasty', 'polite', 'generous']", "matchKeywords": ["vegan", "tasty", "polite"], "categories": ["emotional_descriptions", "food"], "userImg": "user-img.png"}, {"user_name": "J0hn_and_Alis0n", "user_wrote_time": "Jan 2019", "contriNum": "33 contributions", "helpfulNum": "10 helpful votes", "currentRating": "5.0", "title": "Spot on", "content": "Chose the captains cook as was close to football ground. Lovely clean room huge bed and not as noisy as your out of the hustle of the main centre of Fulham. Pub was nice not a busy place being on the outskirts but that suited us, staff really friendly and welcoming we would return.", "time": " January 2019", "helpful_vote": 1, "polarity": 0.635, "keywords": "['pub', 'cook', 'bed', 'clean', 'football']", "matchKeywords": ["pub", "bed", "clean"], "categories": ["facility", "emotional_descriptions"], "userImg": "user-img.png"}, {"user_name": "Rameshlcfc", "user_wrote_time": "Dec 2018", "contriNum": "867 contributions", "helpfulNum": "206 helpful votes", "currentRating": "3.0", "title": "Good Visit (Pub)", "content": "We visited here before Fulham away game for food and drinks as we parked in the vicinity.  Good friendly staffs. Pleasant layout with various types of good seating arrangements inside. There is outside seating area which would be nice during good weather. Good choice of beers and ciders. Reasonably good menu at London prices.  Food served was good but the portion was small (Scampi) but good. Fries were very good (extra cost). Double Cheeseburger was not appreciated by one my friend.   Overall I would visit again if parked in the area. Not many football fans seems to go here. It is about 10-15 minutes walk to Craven Cottage.", "time": " December 2018", "helpful_vote": 0, "polarity": 0.369, "keywords": "['cheeseburger', 'ciders', 'beers', 'fries', 'menu']", "matchKeywords": ["menu"], "categories": ["food"], "userImg": "user-img.png"}, {"user_name": "MEB5023", "user_wrote_time": "Nov 2018", "contriNum": "3 contributions", "helpfulNum": "1 helpful vote", "currentRating": "5.0", "title": "TOP Place to stay", "content": "Just returned home to the US from a weeks stay at The Captain Cook, this pub along with the rooms above is a great place to stay while in London, the Staff are excellent and nothing is too much trouble, the rooms are clean and housekeeping comes in everyday, highly recommend this place, bus stops are right outside the door and the underground is a 15 minute walk to Fulham Broadway or a short bus ride", "time": " October 2018", "helpful_vote": 1, "polarity": 0.997, "keywords": "['pub', 'housekeeping', 'broadway', 'everyday', 'london']", "matchKeywords": ["pub", "housekeeping", "broadway", "everyday", "london"], "categories": ["facility", "loation_surroundings", "service", "time"], "userImg": "user-img.png"}, {"user_name": "TravelBird007", "user_wrote_time": "Nov 2018", "contriNum": "8 contributions", "helpfulNum": "7 helpful votes", "currentRating": "5.0", "title": "A Real Gem", "content": "I booked a room here for one night for my son and I as we were going to the football at Stamford Bridge. What a find it was too. Where most hotels were quoting almost £200 for the night I paid £88 for a room here and it was brilliant. The room was enormous, beautifully decorated and well furnished with a Smart TV, Nespresso coffee maker and bottled water. The bathroom was separate to the bedroom but was private for our use only, was again really nicely decorated and very clean. We didn’t eat here so I can’t rate the food from personal experience but what I did see / smell looked amazing! The pub was a 15min walk from Fulham Broadway which was perfect for us and we were really pleased with the location and the value for money it offered. The staff are really helpful, friendly and", "time": " November 2018", "helpful_vote": 0, "polarity": 0.65, "keywords": "['bedroom', 'nespresso', 'pub', 'football', 'hotels']", "matchKeywords": ["bedroom", "pub", "hotels"], "categories": ["facility"], "userImg": "user-img.png"}, {"user_name": "jpg", "user_wrote_time": "Oct 2018", "contriNum": "2 contributions", "helpfulNum": "0", "currentRating": "5.0", "title": "A great B&B", "content": "Had a lovely stay at the Captain cook. A massive room and bed and loved the room decor.  Excellent coffee and tea facilities in the room. Everything was clean and tidy.  The pub was great and the staff were lovely.  When staying in London again will definitely re-book.", "time": " October 2018", "helpful_vote": 0, "polarity": 0.906, "keywords": "['tea', 'bed', 'pub', 'coffee', 'decor']", "matchKeywords": ["tea", "bed", "pub", "coffee"], "categories": ["food", "facility"], "userImg": "user-img.png"}, {"user_name": "Josh B", "user_wrote_time": "Oct 2018", "contriNum": "17 contributions", "helpfulNum": "6 helpful votes", "currentRating": "5.0", "title": "Fantastic", "content": "Great pub and great place to stay. Super friendly staff, board games in the pub open for use, clean and tidy rooms. Fantastic place to to base yourself to see Fulham. There are also plenty of shops and other pubs and restaurants nearby  Would return ", "time": " October 2018", "helpful_vote": 0, "polarity": 0.775, "keywords": "['pub', 'pubs', 'restaurants', 'shops', 'rooms']", "matchKeywords": ["pub", "pubs", "restaurants", "shops", "rooms"], "categories": ["facility", "surrounding_environment"], "userImg": "user-img.png"}, {"user_name": "wombatski", "user_wrote_time": "Oct 2018", "contriNum": "75 contributions", "helpfulNum": "35 helpful votes", "currentRating": "5.0", "title": "Excellent food", "content": "First visit here for lunch and very pleasantly surprised. Menu is not massive but the food was delicious. My wife had the lamb and i went for the cicken and ham hock pie. Both were excellent particularly the pie. Chunky chips on the side were also 1st class and the sticky toffee pudding eith ice cream was unctious. Very reasonably priced too. Good botyle of Aussie shiraz and nice g and t to finish. All in all; highly recomended. Hope to return.", "time": " October 2018", "helpful_vote": 0, "polarity": 0.754, "keywords": "['pudding', 'pie', 'lunch', 'menu', 'food']", "matchKeywords": ["lunch", "menu", "food"], "categories": ["food"], "userImg": "user-img.png"}, {"user_name": "JanPez", "user_wrote_time": "Aug 2018", "contriNum": "82 contributions", "helpfulNum": "36 helpful votes", "currentRating": "4.0", "title": "Good food, good service", "content": "Stayed at the captain cook for 3 nights. Due to doing other things, only ate there once, I had fish and chips, it was beautifully cooked, the batter was nice, it wasn’t greasy. Very tasty. I didn’t have to wait very long, very efficient service", "time": " August 2018", "helpful_vote": 0, "polarity": 0.214, "keywords": "['cooked', 'cook', 'tasty', 'fish', 'greasy']", "matchKeywords": ["cooked", "tasty"], "categories": ["food", "emotional_descriptions"], "userImg": "user-img.png"}, {"user_name": "mbaTravels A", "user_wrote_time": "Aug 2018", "contriNum": "115 contributions", "helpfulNum": "24 helpful votes", "currentRating": "5.0", "title": "Games, good food and service ", "content": "Walked in and found a stack of games - some for kids and others for adults.  The service was friendly and accommodating.  We sat outside and talked as our kids played Battleship. All in all a wonderful evening ", "time": " August 2018", "helpful_vote": 0, "polarity": 0.559, "keywords": "['battleship', 'games', 'evening', 'accommodating', 'friendly']", "matchKeywords": ["evening", "accommodating", "friendly"], "categories": ["emotional_descriptions", "time"], "userImg": "user-img.png"}, {"user_name": "Angela S", "user_wrote_time": "Jul 2018", "contriNum": "44 contributions", "helpfulNum": "26 helpful votes", "currentRating": "3.0", "title": "Not convenient for sight-seeing", "content": "I like to leave positive reviews, but we had some issues during the stay as tourists in June/July.  No Air Conditioning -- We stayed in a king room with shared bath for 6 days in July.  The weather was hot by London standards and for some reason (maybe the booking site or a Tripadvisor review) I believed this newer inn had air conditioning.  Our room did not and we were only saved from baking in the top floor by use of a stand-up fan that the hotel provided.  If you are staying in the summer and plan to be very active, I highly recommend a hotel with air conditioning for some relief.  I thought I carefully double-checked that fact before booking so I was really disappointed.    Location --  If you stay at this inn as a tourist you will be walking a lot.  Especially if the nearby", "time": " July 2018", "helpful_vote": 0, "polarity": -0.419, "keywords": "['july', 'june', 'summer', 'bath', 'hotel']", "matchKeywords": ["july", "june", "summer", "bath", "hotel"], "categories": ["time", "facility"], "userImg": "user-img.png"}, {"user_name": "PortsmouthMike", "user_wrote_time": "Jul 2018", "contriNum": "13 contributions", "helpfulNum": "2 helpful votes", "currentRating": "5.0", "title": "Saturday Night Stay", "content": "Great B&B. We stayed in the deluxe double room which had a huge, queen size bed. It was very clean and well presented. There was free parking available on the road side directly outside the pub. There was also a bike rental stand right outside.", "time": " July 2018", "helpful_vote": 0, "polarity": 0.249, "keywords": "['bed', 'pub', 'deluxe', 'clean', 'huge']", "matchKeywords": ["bed", "pub", "clean", "huge"], "categories": ["facility", "emotional_descriptions"], "userImg": "user-img.png"}, {"user_name": "Cindy W", "user_wrote_time": "Jul 2018", "contriNum": "14 contributions", "helpfulNum": "2 helpful votes", "currentRating": "5.0", "title": "Very Comfortable Room", "content": "We had a very nice room that had everything we needed above the Bar.  It was quiet, clean and comfortable and would definitely consider staying again.    Flying from the US, we were definitely ready for a meal and a nap upon arrival.  The wait staff was very friendly and gave us some good tips like downloading citymapper.  This is a free app that will recommend the best way to get around and navigate you by bike, bus or tube.", "time": " June 2018", "helpful_vote": 0, "polarity": 0.708, "keywords": "['comfortable', 'meal', 'nap', 'citymapper', 'clean']", "matchKeywords": ["comfortable", "meal", "clean"], "categories": ["emotional_descriptions", "food"], "userImg": "user-img.png"}, {"user_name": "bfutor", "user_wrote_time": "Mar 2018", "contriNum": "5 contributions", "helpfulNum": "3 helpful votes", "currentRating": "5.0", "title": "Convenient and value priced", "content": "I stayed at The Captain Cook on a Monday night in November on my way through London, and it was an excellent stay. From Heathrow, I took the Tube (Piccadilly Line) to the bus (211), which stops very close to the pub (150 meters or so). The trip took about 50 minutes, including transfer at Hammersmith Bus Station.   Arrived early (12:30), which was not a problem at all. Walked into the pub and greeted warmly by the barman, who escorted me straightaway upstairs to my room. I had booked the superior deluxe room, which was more than large enough. Very clean, well-appointed with comfortable bed and adequate bathroom facilities en suite. The wifi was a little spotty, but not a huge problem.   I was a little worried about that there would be a lot of noise from the street as the room", "time": " November 2017", "helpful_vote": 0, "polarity": 0.135, "keywords": "['pub', 'monday', 'november', 'london', 'bed']", "matchKeywords": ["pub", "monday", "november", "london", "bed"], "categories": ["time", "facility", "loation_surroundings"], "userImg": "user-img.png"}, {"user_name": "Marco O", "user_wrote_time": "Mar 2018", "contriNum": "13 contributions", "helpfulNum": "4 helpful votes", "currentRating": "5.0", "title": "Lovely staff and wonderful room ", "content": "Very nice big room high-quality bedding coffee machine, room very good bath or shower very good Wi-Fi fantastic location 10 minute walk from the tube and pay & display car park on the street less then one minute walk, Will definitely come back soon 👌", "time": " March 2018", "helpful_vote": 0, "polarity": 0.896, "keywords": "['coffee', 'shower', 'bath', 'bedding', '10']", "matchKeywords": ["coffee", "shower", "bath", "bedding"], "categories": ["facility", "food"], "userImg": "user-img.png"}, {"user_name": "Jim D", "user_wrote_time": "Mar 2018", "contriNum": "651 contributions", "helpfulNum": "225 helpful votes", "currentRating": "5.0", "title": "Excellent Food and Great Service.", "content": "We enjoyed a lovely dinner here with our family on our last night in London. The friendly New Zealand Barman could not do enough for us and made us feel very much at home. The food served was outstanding and everyone present was very happy with their choices.We would strongly recommend anyone visiting this area to call in at Captain Cook for good food and a warm welcome.", "time": " March 2018", "helpful_vote": 0, "polarity": 0.991, "keywords": "['dinner', 'cook', 'food', 'barman', 'warm']", "matchKeywords": ["dinner", "food", "warm"], "categories": ["food", "emotional_descriptions"], "userImg": "user-img.png"}, {"user_name": "Sybil202", "user_wrote_time": "Feb 2018", "contriNum": "89 contributions", "helpfulNum": "36 helpful votes", "currentRating": "5.0", "title": "Excellent ", "content": "Lovely room, huge bed, great shower (superior room with en suite), black out blind, Lavazza coffee machine, very quiet and airy - a gem in London!! Also very friendly bar staff. If there is a downside it’s that it’s nearly 15mins walk to the tube so it takes a while to get in to central London, but well worth it for lovely room and exceptional value. ", "time": " February 2018", "helpful_vote": 0, "polarity": 0.983, "keywords": "['london', 'shower', 'coffee', 'bed', 'suite']", "matchKeywords": ["london", "shower", "coffee", "bed", "suite"], "categories": ["facility", "loation_surroundings", "food"], "userImg": "user-img.png"}]}