{"name": "The_29_London_FKA_Airways_Hotel_Victoria", "price": "$79", "img": "holder.js/250x250?theme=thumb", "rating": "3.0", "ratingNum": 65, "reviews": [{"user_name": "Charlotte", "user_wrote_time": "Jan 2020", "contriNum": "9 contributions", "helpfulNum": "1 helpful vote", "currentRating": "5.0", "title": "Great location", "content": "Liked  · Great location, a lot of shops and restaurants 5 minutes away, Shower amazing, view from view lovely.  Disliked  · Bed too hard, bathroom small had to sit on toilet sideways, hairdryer not working ( didn't complain as it was when we was leaving) walls could do with lick of paint as lots of marks on walls.", "time": " January 2020", "helpful_vote": 0, "polarity": -0.0, "keywords": "['toilet', 'shower', 'bathroom', 'restaurants', 'bed']", "matchKeywords": ["toilet", "shower", "bathroom", "restaurants", "bed"], "categories": ["facility"], "userImg": "user-img.png"}, {"user_name": "leiliabroadley", "user_wrote_time": "Nov 2019", "contriNum": "33 contributions", "helpfulNum": "20 helpful votes", "currentRating": "4.0", "title": "Great location", "content": "Stayed in November on a business trip. Booked a double room with ensuite. Staff were very friendly and welcoming. The whole hotel was clean and well presented. The room was small but not too small. The room and ensuite were both immaculate. The bed was very comfortable.  Two downsides. 1. The ensuite was very small to the point where I had to sit side ways on the toilet 2. No lift in the building and very steep stairs. Wouldn't have managed if I were elderly with cases.  Would definitely consider staying here again if in the area", "time": " November 2019", "helpful_vote": 0, "polarity": 0.351, "keywords": "['hotel', 'bed', 'toilet', 'november', 'elderly']", "matchKeywords": ["hotel", "bed", "toilet", "november"], "categories": ["facility", "time"], "userImg": "user-img.png"}, {"user_name": "The Gypsy Club", "user_wrote_time": "Nov 2019", "contriNum": "348 contributions", "helpfulNum": "145 helpful votes", "currentRating": "4.0", "title": "Central location", "content": "A great hotel option in Central London, just a 10 minute walk from Victoria Underground / Bus Station. Hotel itself is clean, comfortable and very friendly service from the staff. Check in / out was quick and efficient. Breakfast is limited (continental) but fresh and sufficient. Recommended!", "time": " November 2019", "helpful_vote": 0, "polarity": 0.995, "keywords": "['breakfast', 'london', 'hotel', 'efficient', 'clean']", "matchKeywords": ["breakfast", "london", "hotel", "efficient", "clean"], "categories": ["food", "loation_surroundings", "emotional_descriptions", "facility"], "userImg": "user-img.png"}, {"user_name": "Kaz53_13", "user_wrote_time": "Nov 2019", "contriNum": "23 contributions", "helpfulNum": "15 helpful votes", "currentRating": "1.0", "title": "Dreadful noisy didnt sleep well at all", "content": "Very thin walls for an old building and minute room and small bathroom too! Only 2 teabags and one milk for a double room and only one extra pillow!  Reasonably clean but not immaculate loads of dust on the bedside light!!  4 flights of stairs too!! Very noisy road kept waking up all night!! Not far from Victoria station!! Wouldn’t stay again!! Expensive for what it offered!!!  Wouldn’t recommend!!  Won’t be returning either!!!", "time": " November 2019", "helpful_vote": 0, "polarity": -0.358, "keywords": "['teabags', 'expensive', 'milk', 'pillow', 'bathroom']", "matchKeywords": ["expensive", "milk", "pillow", "bathroom"], "categories": ["facility", "emotional_descriptions", "food"], "userImg": "user-img.png"}, {"user_name": "BettyBoopWinnipeg", "user_wrote_time": "Oct 2019", "contriNum": "242 contributions", "helpfulNum": "120 helpful votes", "currentRating": "3.0", "title": "Last hotel on our month long trip.", "content": "We were very tired and forgot that this hotel has no elevator. We were four flites up with very heavy luggage that they did not offer to help us carry. We had rejected the basement room they originally were going to put us in. It was a small box with a tiny window. Continental breakfast was included. Overall the room was clean but very small. Had to sit sideways on the toilet. No room to open two suitcases except on the bed. It was located just close enough to Victoria station that taxis didn’t want to pick us up, but a bit farther than I could walk with luggage. So, bottom line, if you can easily walk about 10 blocks with Yur luggage, don’t mind climbing flites of stairs at the hotel and don’t mind a small room then I would stay here. But considering all those points, it was", "time": " October 2019", "helpful_vote": 2, "polarity": -0.522, "keywords": "['elevator', 'toilet', 'bed', 'basement', 'breakfast']", "matchKeywords": ["elevator", "toilet", "bed", "basement", "breakfast"], "categories": ["facility", "food"], "userImg": "user-img.png"}, {"user_name": "scouse1941", "user_wrote_time": "Sep 2019", "contriNum": "749 contributions", "helpfulNum": "132 helpful votes", "currentRating": "4.0", "title": "Hotel by default.", "content": "I had mistakenly cancelled my Sept. stay at St. George's Inn. (I thought that I'd cancelled my December booking) and it came as a shock that there was nothing for me. Anyway, the manager was a gem. We finally realized that I had made a mistake and he offered to take me one block over to Airways Hotel, one of his group of three in the Belgrave area.   I was booked in and the staff were great. My room was immaculate but the bathroom was a little on the small size. I did suggest that it would be a challenge for many North Americans.  As with most of the Belgrave area hotels, no elevators and so it is a challenge, especially if you have lots of luggage. I travel light with just a carry-on. I know the 1 day dry cleaners and the launderettes in all the places I visit. Strategy for the", "time": " September 2019", "helpful_vote": 0, "polarity": -0.22, "keywords": "['manager', 'hotel', 'cancelled', 'hotels', 'december']", "matchKeywords": ["manager", "hotel", "hotels", "december"], "categories": ["facility", "service", "time"], "userImg": "user-img.png"}, {"user_name": "Diane C", "user_wrote_time": "Sep 2019", "contriNum": "10 contributions", "helpfulNum": "3 helpful votes", "currentRating": "5.0", "title": "good location", "content": "have stayed here before,  hotel staff friendly and helpful,  rooms clean and tidy,  breakfast continental buffet, close to Victoria train station and coach station,  shops and restaurants close by,  Buckingham palace and houses of parliament 10 minute walk.", "time": " September 2019", "helpful_vote": 0, "polarity": 0.22, "keywords": "['breakfast', 'hotel', 'buffet', 'restaurants', 'buckingham']", "matchKeywords": ["breakfast", "hotel", "buffet", "restaurants", "buckingham"], "categories": ["food", "facility", "loation_surroundings"], "userImg": "user-img.png"}, {"user_name": "Rebecca R", "user_wrote_time": "Sep 2019", "contriNum": "53 contributions", "helpfulNum": "15 helpful votes", "currentRating": "5.0", "title": "Theatre Visit", "content": "We stayed here for 1 Friday night for a theatre break. There were 3 of us in a quadruple room. We were slightly early for the 1:30pm check in but our room was already ready so we were checked in quickly. The room was comfortable and clean. We had a very modern bathroom and the beds were very soft. The hotel was only 10 minutes walk from either Victoria or Pimlico stations. The continental breakfast was plentiful however the breakfast room was a squeeze. I would certainly stay here again. I could happily recommend this hotel to anyone. It was good value for money in my opinion. ", "time": " September 2019", "helpful_vote": 0, "polarity": 0.233, "keywords": "['breakfast', '30pm', 'hotel', 'pimlico', 'friday']", "matchKeywords": ["breakfast", "30pm", "hotel", "pimlico", "friday"], "categories": ["time", "food", "facility", "loation_surroundings"], "userImg": "user-img.png"}, {"user_name": "Richard", "user_wrote_time": "Aug 2019", "contriNum": "5 contributions", "helpfulNum": "1 helpful vote", "currentRating": "1.0", "title": "No lift, small rooms, antispetic odor", "content": "It was our last day in London. The area of the hotel was quiet, with a park nearby. But the moment you enter the hotel lobby, you know you're in trouble. It reeks with that annoying air freshener scent that gives you the impression they're hiding some awful smell (like a dead body). The guys at the counter were helpful enough and even offered to put in storage the luggage we did not need. Good thing we accepted the offer - there was no lift & the room (supposedly for 4 adults) was tiny, with 2 single beds and 1 queen. That's it. You barely have enough space to maneuver your luggage around.  The dining area in the basement ran out of food after every 5-7 guests have eaten. Refills and table cleaning had to be requested from the kitchen.  This is not the place you want to remember", "time": " August 2019", "helpful_vote": 0, "polarity": -0.601, "keywords": "['london', 'dead', 'hotel', 'basement', 'kitchen']", "matchKeywords": ["london", "hotel", "basement", "kitchen"], "categories": ["facility", "loation_surroundings"], "userImg": "user-img.png"}, {"user_name": "Britt C", "user_wrote_time": "Aug 2019", "contriNum": "1 contribution", "helpfulNum": "0", "currentRating": "5.0", "title": "Nice Hotel!", "content": "Our family of 4 stayed here in July and we had a very good experience.  It was tricky to find a hotel in London that was reasonably priced and in a good area and this hotel was perfect for us.  It's a short walk from the Victoria Tube station to the hotel.  It's also a short walk to nice pubs and shopping.   It's nice that the hotel includes breakfast.  It was a basic breakfast and they served the same foods every day but it worked out fine for us.   It's important to note that the hotel doesn't have an elevator but it wasn't a problem for us.   Overall, I would highly recommend this hotel.", "time": " July 2019", "helpful_vote": 0, "polarity": 0.645, "keywords": "['july', 'breakfast', 'hotel', 'shopping', 'london']", "matchKeywords": ["july", "breakfast", "hotel", "shopping", "london"], "categories": ["time", "food", "facility", "surrounding_environment", "loation_surroundings"], "userImg": "user-img.png"}, {"user_name": "Ana Jakovic", "user_wrote_time": "Aug 2019", "contriNum": "7 contributions", "helpfulNum": "7 helpful votes", "currentRating": "1.0", "title": "One of the worst hotel experiences", "content": "My friend and I stayed here last minute after the powercut cancelled our train and we were left stranded. We were thankful for a room but the state of the hotel only added insult to injury. To name a few problems:  The lamp didn't work The hot water didn't work The kettle leaked boiling water all over my friend  We tripped up on the carpet that wasn't laid properly  There were tables blocking the fire exit in the breakfast room Our spare pillows had make up all over them There was dirt, handprints and peeling paint all over the walls The food was disgusting  No lifts so had to struggle with luggage after a stressful night  We contacted the hotel after the stay as we had to rush off to catch our day late train on the morning of the check out and they said they would give us 20%", "time": " August 2019", "helpful_vote": 1, "polarity": -0.992, "keywords": "['stressful', 'disgusting', 'tripped', 'leaked', 'cancelled']", "matchKeywords": ["disgusting"], "categories": ["emotional_descriptions"], "userImg": "user-img.png"}, {"user_name": "mel k", "user_wrote_time": "Jul 2019", "contriNum": "32 contributions", "helpfulNum": "23 helpful votes", "currentRating": "4.0", "title": "Comfortable", "content": "Stayed here with my 2 daughters and 2 friends we had triple rooms. On arriving we were supposed to stay in the hanover Victoria but this was under refurb so we’re sent to airways. Our room was absolutely fine the towels were nice fluffy white and the bed sheets crisp white . Everything was clean which is most important. Yes the building is old but felt it told a story we were very happy and comfortable even with breakfast which was simple but adequate. Would stay here again .", "time": " July 2019", "helpful_vote": 0, "polarity": 0.519, "keywords": "['bed', 'towels', 'breakfast', 'hanover', 'sheets']", "matchKeywords": ["bed", "towels", "breakfast"], "categories": ["facility", "food"], "userImg": "user-img.png"}, {"user_name": "lesliepetrequin", "user_wrote_time": "Jul 2019", "contriNum": "20 contributions", "helpfulNum": "33 helpful votes", "currentRating": "1.0", "title": "Terrible experience. Would not recommend.", "content": "Upon arrival at lunchtime, they said I had to wait 40mn to be able to checkin. Then I was given a room on the 4th floor, it's 8 flights of stairs, no elevator. I had to ask for someone to help with the luggage. It was not proactively offered. Then in the morning, I was woken up by the reception desk telling me I was late for checkout. I asked for a 15mn grace period to pack. They accepted. After 15mn I waited for someone to come help with the luggage (thought they'd obviously send someone). After it became clear no one was coming I started coming down. There were sheets all over the floor blocking the passage so I had to take breaks, clear the passage and continue. It took 10+mn. I arrived at the front desk it was 11:20am. The woman said I was one hour late. Even though it was", "time": " July 2019", "helpful_vote": 2, "polarity": -0.643, "keywords": "['lunchtime', 'hour', 'elevator', 'checkout', 'morning']", "matchKeywords": ["hour", "elevator", "checkout", "morning"], "categories": ["time", "facility", "service"], "userImg": "user-img.png"}, {"user_name": "Chez-from-Oz", "user_wrote_time": "Jun 2019", "contriNum": "69 contributions", "helpfulNum": "58 helpful votes", "currentRating": "4.0", "title": "GOOD LOCATION", "content": "Stay at Airways Hotel for 3 nights.  Had a 4 bed room.  It was a bit tight and the bathroom was small (the powder room down the hall helped).  Having said that, the room was clean and serviced daily.  The room would be great for a family of 2 adults and 2 children.  In hindsight probably would have been better to get 2 double rooms (we were 4 adults).  The location was perfect, near the Victoria Station and within walking distance of Buckingham Palace.  I didn't have the breakfast but my fellow travellers were satisfied with what was available.", "time": " May 2019", "helpful_vote": 1, "polarity": 0.221, "keywords": "['breakfast', 'bed', 'bathroom', 'hotel', 'buckingham']", "matchKeywords": ["breakfast", "bed", "bathroom", "hotel", "buckingham"], "categories": ["facility", "food", "loation_surroundings"], "userImg": "user-img.png"}, {"user_name": "k4kit87", "user_wrote_time": "Jun 2019", "contriNum": "24 contributions", "helpfulNum": "18 helpful votes", "currentRating": "2.0", "title": "1 star extra for service lady. She tried to keep the room clean and presentable.", "content": "One of the worst hotel I have stayed in ever.  I am originally from Mumbai,India. Where we are used to live in really small spaces, but this was another level of small for me.  There was one window covered by a curtain and the curtain earns one out of my two stars. Without curtain I would’ve puked all my stay in that room.  Coming to bathroom, first time in my life I have seen a toilet seat partially underneath the wash basin.It forces you to sit slightly side ways on the seat.  It is not a place to spend too much time , go for it if you just want to crash asleep but eventually you still have to deal with the bathroom when you wake up.   I was wondering if the country has some kind of rule and regulations for the hotels to call them selves a “Hotel”.  This review is based on my", "time": " June 2019", "helpful_vote": 0, "polarity": -0.689, "keywords": "['toilet', 'puked', 'bathroom', 'mumbai', 'asleep']", "matchKeywords": ["toilet", "bathroom"], "categories": ["facility"], "userImg": "user-img.png"}, {"user_name": "l12ndm", "user_wrote_time": "Jun 2019", "contriNum": "14 contributions", "helpfulNum": "6 helpful votes", "currentRating": "1.0", "title": "Do not book", "content": "We booked through booking.com for a family room. Myself and my 2 children (aged 4 & 6) and my mum went for 2 days (1 night). We arrived at 1230 and were told we couldn’t check in till after 3, we left the bags and went to explore London. Arrived back at 2320 and checked in. Seemed easy although the male on reception spoke minimal English. We then were advised our room was on the 4th floor.........120 stairs later we got to the room, to find a 4ft double bed and a single bed. We called reception who advised us this is what we had booked. I explained we were a family of 4 and had been given a triple room. We were told speak to booking.com. Called them, the hotel refused to help or offer another room, only solution they could give was to bring an extra duvet and pillow and one of", "time": " May 2019", "helpful_vote": 1, "polarity": -0.196, "keywords": "['mum', 'bed', 'london', '2320', '1230']", "matchKeywords": ["bed", "london"], "categories": ["facility", "loation_surroundings"], "userImg": "user-img.png"}, {"user_name": "TLSimmo", "user_wrote_time": "May 2019", "contriNum": "96 contributions", "helpfulNum": "19 helpful votes", "currentRating": "3.0", "title": "Average but could be better", "content": "Room 304 was super tiny. 65 stairs to get to the room. Toilet is situated so that you must sit sideways. No leg room between toilet and facing wall. Shower head is huge and takes up the whole cubicle. I knew the rooms were small but this is another level. Can't leave suitcases out in your room as there is no space. Good location but I've seen better in this area.  Owners are pleasant enough but still a strange vibe in the place. Breakfast is good but the room is small. The staff rarely smile and never make eye contact.", "time": " May 2019", "helpful_vote": 0, "polarity": -0.334, "keywords": "['toilet', 'shower', 'cubicle', 'breakfast', 'tiny']", "matchKeywords": ["toilet", "shower", "breakfast", "tiny"], "categories": ["facility", "food", "emotional_descriptions"], "userImg": "user-img.png"}, {"user_name": "Nicki W", "user_wrote_time": "May 2019", "contriNum": "8 contributions", "helpfulNum": "4 helpful votes", "currentRating": "4.0", "title": "My 50th BIRTHDAY weekend ", "content": "Really happy with the rooms and service, came with a group of friends so we had 3 rooms , we are booking again in November this year to see a show as we loved the location to get tubes into central London ", "time": " April 2019", "helpful_vote": 0, "polarity": 0.997, "keywords": "['friends', 'happy', 'loved', 'november', 'london']", "matchKeywords": ["friends", "happy", "loved", "november", "london"], "categories": ["emotional_descriptions", "time", "loation_surroundings"], "userImg": "user-img.png"}, {"user_name": "Mia F", "user_wrote_time": "May 2019", "contriNum": "13 contributions", "helpfulNum": "0", "currentRating": "3.0", "title": "Hotel in very good location", "content": "Good hotel. Room small but sufficiently available. Bathroom and beds good. Breakfast reasonable but the breakfast room is way too small and the breakfast times are too short. Higher floor stairs. All sights within walking distance", "time": " April 2019", "helpful_vote": 0, "polarity": 0.594, "keywords": "['breakfast', 'bathroom', 'beds', 'hotel', 'short']", "matchKeywords": ["breakfast", "bathroom", "beds", "hotel", "short"], "categories": ["facility", "food", "emotional_descriptions"], "userImg": "user-img.png"}, {"user_name": "Joy K", "user_wrote_time": "Apr 2019", "contriNum": "1 contribution", "helpfulNum": "0", "currentRating": "2.0", "title": "weekend visit.", "content": "good close location to victoria station.  Hotel clean with friendly staff. breakfast adequate but not enough seating and cramped dining room. no lift with four floors. My room was on the forth floor which was small but adequate with good shower. However, my door key kept failing which meant several visits up and down the 4 flights of stairs to fix it. The fire doors were propped open with a fire extinguisher and door stops on my floor and to the dining room. I removed these and informed the receptionist. Please stop doing this, its against the law and puts peoples lives at risk.  Carpets on the stairs were dangerously thick and handrails chipped paint", "time": " April 2019", "helpful_vote": 0, "polarity": -0.323, "keywords": "['shower', 'breakfast', 'carpets', 'receptionist', 'cramped']", "matchKeywords": ["shower", "breakfast", "carpets", "receptionist", "cramped"], "categories": ["facility", "food", "service", "emotional_descriptions"], "userImg": "user-img.png"}, {"user_name": "TheBarrsNZ", "user_wrote_time": "Apr 2019", "contriNum": "438 contributions", "helpfulNum": "66 helpful votes", "currentRating": "3.0", "title": "A little disappointed", "content": "I had booked months and months in advance and asked if we could have an adjoining room as we were coming from NZ and having family meet and stay so we could sight see London with our grandchild. I had asked several times if the room was adjoining and was told they would do their best to accommodate and check availability. I believe this was said just to keep our booking as we only ended up with rooms next to each other which made it very difficult to get a little one to sleep as it was his first time away. The door did not open quietly so trying to check on him difficult. Our room was very clean and modern BUT the bathroom very small. We could not sit on the toliet normally but had to sit sideways as there was no room for your legs - and I am only small/average size female. But", "time": " May 2018", "helpful_vote": 0, "polarity": -0.721, "keywords": "['grandchild', 'months', 'sleep', 'london', 'bathroom']", "matchKeywords": ["sleep", "london", "bathroom"], "categories": ["emotional_descriptions", "loation_surroundings", "facility"], "userImg": "user-img.png"}, {"user_name": "Davy T", "user_wrote_time": "Feb 2019", "contriNum": "81 contributions", "helpfulNum": "19 helpful votes", "currentRating": "5.0", "title": "Great location great hotel", "content": "A short walk from Victoria station, this hotel is in a very good location. The room was an ok size. Very clean and modern and the bed was very comfortable. Ensuite was a little small but the shower more than made up for this with its wide shower head and rain like water drops and was really easy to use. The buffet breakfast was included. I cannot fault this at all. The food was getting replenished very consistantly. Good selection of continental breakfast foods too. All staff were friendly and helpful. Would recommend this hotel.", "time": " February 2019", "helpful_vote": 0, "polarity": 0.469, "keywords": "['breakfast', 'shower', 'buffet', 'hotel', 'clean']", "matchKeywords": ["breakfast", "shower", "buffet", "hotel", "clean"], "categories": ["food", "facility", "emotional_descriptions"], "userImg": "user-img.png"}, {"user_name": "aislinn40", "user_wrote_time": "Jan 2019", "contriNum": "25 contributions", "helpfulNum": "23 helpful votes", "currentRating": "3.0", "title": "comfortable and clean", "content": "I stayed in a family room.2 single beds and one double bed. Room was cold when we arrived and was fixed a short time after. Bathroom small but great Shower.Lots of Hot water Location of this Hotel is great and ideal for a short stay. price is reasonable for a family.Staff Friendly and willing to help. Its an old Building but clean.floor boards can be noisy  but overall a good experince", "time": " January 2019", "helpful_vote": 1, "polarity": 0.269, "keywords": "['bathroom', 'shower', 'bed', 'beds', 'hotel']", "matchKeywords": ["bathroom", "shower", "bed", "beds", "hotel"], "categories": ["facility"], "userImg": "user-img.png"}, {"user_name": "Zeddddd", "user_wrote_time": "Jan 2019", "contriNum": "7 contributions", "helpfulNum": "2 helpful votes", "currentRating": "1.0", "title": "Terrible Service", "content": "The worst customer service I have ever experienced.   Me and my friend booked this hotel one month prior to our stay. We arrived at 11am and were advised by the receptionist that our room is being cleaned therefore we cannot check in until 1.30pm. He confidently assured us that we do not have to wait around until 1.30pm but can leave our luggage and return later as he will manually check us in. The hotel card also reflected this information.   We returned later that evening and to our dismay were informed that our room had been given to another customer and that we have been relocated to their ‘other’ hotel.   As visitors to a new city, this made us feel extremely uncomfortable and unsafe. Being ‘relocated’ to a different building with a different name and being picked up by a", "time": " December 2018", "helpful_vote": 1, "polarity": -0.607, "keywords": "['30pm', 'receptionist', '11am', 'month', 'manually']", "matchKeywords": ["30pm", "receptionist"], "categories": ["time", "service"], "userImg": "user-img.png"}, {"user_name": "angela_lim", "user_wrote_time": "Dec 2018", "contriNum": "6 contributions", "helpfulNum": "1 helpful vote", "currentRating": "1.0", "title": "Poop overflow - all rooms whole floor with overflow dirty water bathrooms ", "content": "poop overflow in the bathroom floor!  There’s a clog on all the bathrooms on the floor.  And the receptionist was considering to put us back to the room after it gets fix; in few hours!  Very unhygienic!  Then he moved us to another hotel which was way smaller and clearly cheaper (checked out on hotel.com) than what we paid for.  It was 10pm and I have 2 tired kids, we decided to just sleep for the night and fight for refund tomorrow.  Would NEVER recommend Airways hotel to anybody.  Disgusting!", "time": " December 2018", "helpful_vote": 0, "polarity": -0.994, "keywords": "['10pm', 'bathrooms', 'unhygienic', 'sleep', 'bathroom']", "matchKeywords": ["bathrooms", "sleep", "bathroom"], "categories": ["facility", "emotional_descriptions"], "userImg": "user-img.png"}, {"user_name": "KNB", "user_wrote_time": "Dec 2018", "contriNum": "1 contribution", "helpfulNum": "0", "currentRating": "1.0", "title": "Cancelled room two days prior to visit.", "content": "They made up a phony policy about pre payments on rooms to cancel my reservation just two days before I was to arrive which was a pay on the day booking to which I was told they couldn’t undo the cancellation.", "time": " December 2018", "helpful_vote": 0, "polarity": -0.972, "keywords": "['cancellation', 'cancel', 'booking', 'reservation', 'days']", "matchKeywords": [], "categories": ["others"], "userImg": "user-img.png"}, {"user_name": "Vicki W", "user_wrote_time": "Nov 2018", "contriNum": "8 contributions", "helpfulNum": "1 helpful vote", "currentRating": "4.0", "title": "Good budget hotel", "content": "I arrived late after a long journey and was warmly greeted by the gentleman on reception. He was helpful in offering advice with the best form of travel for me to reach my conference the next morning. Room was comfortable and modern in decoration. Bathroom although small was serviceable for my needs on an overnight stay, but would perhaps lack the shelving space needed for a longer stay. The mattress was comfy and room clean (which I feel is most essential for a one night stopover).  The stairs maybe an issue for those with reduced mobility, I was on the top floor which was a lengthy climb with my bags. I choose to pack up and take my bags to breakfast the next morning, rather than face the climb back up again (before walking to Westminster). Breakfast was simple but tasty and", "time": " November 2018", "helpful_vote": 1, "polarity": 0.162, "keywords": "['breakfast', 'overnight', 'morning', 'mattress', 'bathroom']", "matchKeywords": ["breakfast", "overnight", "morning", "mattress", "bathroom"], "categories": ["time", "food", "facility"], "userImg": "user-img.png"}, {"user_name": "Lynne S", "user_wrote_time": "Nov 2018", "contriNum": "22 contributions", "helpfulNum": "3 helpful votes", "currentRating": "4.0", "title": "Location, Location, Location", "content": "This hotel is a block from Victoria Station and a mile from Buckingham Palace and other famous sights, as well as several good pubs and restaurants. The staff is kind and helpful; they can sell you the tour bus tickets so you are ready to go!  Our room was clean, comfortable and cozy - perfect after 12 hours of trotting around London.   Breakfast is continental, which is ideal for a quick morning meal before you head out for the day. The price for this hotel was very reasonable for a London hotel.  The hot water was not available at night, but was very robust in the morning.  It would have been helpful to have a small shelf in the bathroom for toiletries, as the sink was too tiny to hold much.   ", "time": " November 2018", "helpful_vote": 1, "polarity": 0.541, "keywords": "['breakfast', 'hotel', 'morning', 'restaurants', 'london']", "matchKeywords": ["breakfast", "hotel", "morning", "restaurants", "london"], "categories": ["facility", "food", "time", "loation_surroundings"], "userImg": "user-img.png"}, {"user_name": "Simy_UK", "user_wrote_time": "Nov 2018", "contriNum": "45 contributions", "helpfulNum": "19 helpful votes", "currentRating": "4.0", "title": "Last minute stay satisfied", "content": "Very good price for last minute plans... I was with 2 more friends and rather than drive back home and come back next day we decided to stay one night in London. Despite for 3 the room was very small was nice and clean fairly. I loved the shower very modern (small as well). Breakfast was included but bit disappointed, quiet poor and for a place like London no eggs at all 🍳 in any way. Over all good and satisfied.", "time": " November 2018", "helpful_vote": 2, "polarity": 0.337, "keywords": "['breakfast', 'shower', 'eggs', 'london', 'home']", "matchKeywords": ["breakfast", "shower", "eggs", "london", "home"], "categories": ["food", "facility", "loation_surroundings", "emotional_descriptions"], "userImg": "user-img.png"}, {"user_name": "kpv248", "user_wrote_time": "Nov 2018", "contriNum": "10 contributions", "helpfulNum": "9 helpful votes", "currentRating": "3.0", "title": "Convenient location, tiny room", "content": "We stayed in a double room for 3 nights on the first floor. There is no elevator and 5 floors of narrow Victorian staircases, which was ok for us but may be difficult for those with restricted mobility. The room itself was fine, if a little stuffy, but the bathroom was so small that the toilet was against the wall on one side, making it almost impossible to use. That said, the shower was good, and the bed was comfortable. Breakfast was very good, and there is a vending machine downstairs at reception.  The location of the hotel is very central, walking distance to Westminster and St. James' Park, Chelsea not far either. Victoria station 5 min walk. Attractive streets with classic townhouse facades. Probably would not stay in the double room again as a couple due to its size,", "time": " November 2018", "helpful_vote": 1, "polarity": 0.064, "keywords": "['bathroom', 'toilet', 'bed', 'shower', 'elevator']", "matchKeywords": ["bathroom", "toilet", "bed", "shower", "elevator"], "categories": ["facility"], "userImg": "user-img.png"}, {"user_name": "Trevor H", "user_wrote_time": "Oct 2018", "contriNum": "121 contributions", "helpfulNum": "35 helpful votes", "currentRating": "3.0", "title": "Comfortable but compact", "content": "In London for a gig I wanted a bed for the night in a room that I wouldn’t be using much.  The ask was: - Close to a tube with a simple tube ride to The O2 - Not on a main road to avoid getting no sleep due to noise - Nothing fancy but a comfortable bed and a shower - Considering London’s rip-off Hotel prices, not too expensive  My “double” room at the Airways hotel ticked some of those: - I did get a few hours of comfortable sleep before travelling home the next morning - The shower was good so I left refreshed - there was a kettle in the room for a drink before I went out to the gig - The Hotel is an 8- minute walk from Victoria train station so an easy tube ride from the station I arrived at, and simple to get to the O2, without being in a highest price bracket location next", "time": " October 2018", "helpful_vote": 1, "polarity": -0.882, "keywords": "['bed', 'shower', 'sleep', 'hotel', 'morning']", "matchKeywords": ["bed", "shower", "sleep", "hotel", "morning"], "categories": ["facility", "emotional_descriptions", "time"], "userImg": "user-img.png"}, {"user_name": "TreesYes", "user_wrote_time": "Oct 2018", "contriNum": "13 contributions", "helpfulNum": "21 helpful votes", "currentRating": "4.0", "title": "Convenient location", "content": "I arrived after an overnight flight from the US and the hotel was an easy walk from Victoria Station. The management was helpful and gracious. Although I was too early for check in, they stored my luggage and then allowed me into my room ahead of the official check in time.  Be aware there's no elevator so if you don't like stairs, select your room accordingly. ", "time": " September 2018", "helpful_vote": 2, "polarity": -0.12, "keywords": "['elevator', 'overnight', 'hotel', 'luggage', 'stairs']", "matchKeywords": ["elevator", "overnight", "hotel", "luggage"], "categories": ["facility", "time", "service"], "userImg": "user-img.png"}, {"user_name": "bethg2812", "user_wrote_time": "Oct 2018", "contriNum": "84 contributions", "helpfulNum": "37 helpful votes", "currentRating": "4.0", "title": "Nice stay in a great location", "content": "Visited here with a couple of friends over a weekend and we booked a quadruple room which was absolutely fine. One double bed and two singles and enough room for 3 suitcases. The bathroom was a good size and the shower was really nice. Lots of charging points which was a huge bonus, and the beds were clean as was the bathroom. Could do with a lick of paint for a refresh but everywhere was clean/wasn't dusty which can't be said about the Travel Lodges of this world and would much rather stay at this independent hotel than a chain that is dirty. Reception was friendly and seamless and offered to take our suitcases upstairs as no lifts, there was breakfast included but we chose to eat somewhere else as so many places to go in London but was great it was included. Location was", "time": " September 2018", "helpful_vote": 1, "polarity": 0.285, "keywords": "['shower', 'bed', 'bathroom', 'hotel', 'breakfast']", "matchKeywords": ["shower", "bed", "bathroom", "hotel", "breakfast"], "categories": ["facility", "food"], "userImg": "user-img.png"}, {"user_name": "smoozella", "user_wrote_time": "Sep 2018", "contriNum": "65 contributions", "helpfulNum": "39 helpful votes", "currentRating": "4.0", "title": "Quiet, clean, friendly", "content": "This is a budget hotel a short walk from the Victoria train and tube stations. It's an older hotel, and some of the walls are tired, but, overall, it is well maintained and clean. I was there twice and the rooms I had were pleasant and very quiet. The bathroom fixtures are all new and sparkling clean. The shower was a deluge! The beds were very comfortable. There were plenty of outlets in each room, so I could charge everything all at once. Reception was pleasant, helpful, there 24 hours a day. The breakfast is no frills, \"continental\" - toast, pastries, cereals, cold cuts, cheese, fruit, coffee and tea.", "time": " September 2018", "helpful_vote": 1, "polarity": 0.284, "keywords": "['tea', 'breakfast', 'shower', 'bathroom', 'hotel']", "matchKeywords": ["tea", "breakfast", "shower", "bathroom", "hotel"], "categories": ["food", "facility"], "userImg": "user-img.png"}, {"user_name": "M Charles F", "user_wrote_time": "Sep 2018", "contriNum": "91 contributions", "helpfulNum": "38 helpful votes", "currentRating": "3.0", "title": "Lovely, comfy, clean room... and some minuses", "content": "I am so torn about this etablishment... I loved it, but...  We booked a double room and it was the tiniest room ever. Its bathroom was also minuscule.  The decor was lovely, the location was great (very residential, but a short walk away from Victoria station) and the staff was kind and helpful.  We loved the included breakfast.  The only issues really were the room size and the absence of lifts. We were on the 4th floor and it was difficult lugging all our stuff up and down. Going down for breakfast was especially taxing since the breakfast area is in the absolute basement (we are not super young - I'm sure younger/healthier people would have no issues).  London was the first stop in our European tour and the Airways Hotel Victoria made me think that this would be the norm", "time": " September 2018", "helpful_vote": 1, "polarity": -0.258, "keywords": "['breakfast', 'healthier', 'bathroom', 'tiniest', 'hotel']", "matchKeywords": ["breakfast", "bathroom", "hotel"], "categories": ["food", "facility"], "userImg": "user-img.png"}, {"user_name": "BarbaraHCD", "user_wrote_time": "Sep 2018", "contriNum": "12 contributions", "helpfulNum": "8 helpful votes", "currentRating": "5.0", "title": "Nice little hotel ", "content": "Quick stay with breakfast for my daughters and I while attending Hamilton and I couldn’t fault this small hotel. Continental breakfast was good and 10 minutes walk to the the show and Victoria Station. ", "time": " September 2018", "helpful_vote": 1, "polarity": 0.838, "keywords": "['breakfast', 'hotel', 'daughters', '10', 'minutes']", "matchKeywords": ["breakfast", "hotel", "minutes"], "categories": ["food", "facility", "service"], "userImg": "user-img.png"}, {"user_name": "Hobbyer", "user_wrote_time": "Sep 2018", "contriNum": "127 contributions", "helpfulNum": "21 helpful votes", "currentRating": "4.0", "title": "Nice little hotel", "content": "Location was good, near by Victoria station, can even walk to Buckingham and to inner city. Our first floor room was suitable for four persons. Beds were comfortable. Tee and kettle in the room. Clean bathroom and hot water. Really enjoyed our stay. Got breakfast bag when early check out. Very friendly staff. Basic breakfast, not fresh vegetables.", "time": " October 2017", "helpful_vote": 1, "polarity": 0.335, "keywords": "['breakfast', 'bathroom', 'beds', 'comfortable', 'vegetables']", "matchKeywords": ["breakfast", "bathroom", "beds", "comfortable"], "categories": ["facility", "food", "emotional_descriptions"], "userImg": "user-img.png"}, {"user_name": "Helle-Peter1", "user_wrote_time": "Aug 2018", "contriNum": "195 contributions", "helpfulNum": "30 helpful votes", "currentRating": "2.0", "title": "Okay for one night", "content": "Bathroom and specially shower was very nice. We had a tripple and a double room. Both rooms was very small but OK for a night or two. Breakfast room was small and a had poor selection of food. Noise from the street, also in the night. Good location near the undergrund. ", "time": " December 2017", "helpful_vote": 1, "polarity": -0.033, "keywords": "['bathroom', 'shower', 'breakfast', 'food', 'night']", "matchKeywords": ["bathroom", "shower", "breakfast", "food", "night"], "categories": ["facility", "food", "time"], "userImg": "user-img.png"}, {"user_name": "Amy-Lara H", "user_wrote_time": "Jul 2018", "contriNum": "65 contributions", "helpfulNum": "8 helpful votes", "currentRating": "5.0", "title": "Basic, but Brilliant!", "content": "This is a perfect spot to stay during a visit to London!  It's central and easy to find.  The staff are very friendly and went over and above to help and give advice when I asked.  I stayed on the 4th floor - it's quite a climb with a suitcase (they did offer to help, I declined...but wouldn't next time!)  The room (a standard single) was small but had everything I needed!  I would DEFINITELY stay here again!", "time": " July 2018", "helpful_vote": 2, "polarity": 0.621, "keywords": "['london', 'friendly', 'easy', 'perfect', 'standard']", "matchKeywords": ["london", "friendly", "easy", "perfect"], "categories": ["emotional_descriptions", "loation_surroundings"], "userImg": "user-img.png"}, {"user_name": "Lisa W", "user_wrote_time": "Jul 2018", "contriNum": "31 contributions", "helpfulNum": "5 helpful votes", "currentRating": "5.0", "title": "Fab Hotel. Would recommend.", "content": "Hotel is located in a quiet area just a 5 min walk from the coach station. Lovely shops and a local Sainsburys close by. Short walk to the Theatre/Palace/Harrods. The beds were really comfy, spotless room, good shower, air con. We couldn't have asked for a better place to stay. The Staff were friendly and really helpful.", "time": " July 2018", "helpful_vote": 1, "polarity": 0.501, "keywords": "['hotel', 'beds', 'comfy', 'shower', 'quiet']", "matchKeywords": ["hotel", "beds", "comfy", "shower", "quiet"], "categories": ["facility", "emotional_descriptions"], "userImg": "user-img.png"}, {"user_name": "WorldTravellingMom", "user_wrote_time": "Jul 2018", "contriNum": "20 contributions", "helpfulNum": "15 helpful votes", "currentRating": "3.0", "title": "So-So hotel", "content": "The front reception is not pleasing at all, that horrendous couch! The room is so small, I booked for a double room but they're fully booked and they gave us a twin, The shower drain is clogged up and the tile under the sink is loose and made noise. The receptionist is so dry and no conversation exists. The only plus is its location.", "time": " June 2018", "helpful_vote": 1, "polarity": -0.88, "keywords": "['horrendous', 'shower', 'couch', 'sink', 'receptionist']", "matchKeywords": ["shower", "couch", "sink", "receptionist"], "categories": ["facility", "service"], "userImg": "user-img.png"}, {"user_name": "Sara A", "user_wrote_time": "Jul 2018", "contriNum": "6 contributions", "helpfulNum": "6 helpful votes", "currentRating": "3.0", "title": "OK Hotel in a Great Location", "content": "We stayed here for a week while we were in London. Here is my list of pros and cons.   Pros: Great location that is easily walkable to Victoria Station to grab a train, bus, or the underground. This was fantastic for us as most of our tours left from there. The front desk staff was very friendly.  It was very hot when we were in London and the air in our room worked great!!!  Cons: This hotel is old and in need of refurbishing. The carpets are pretty nasty and I didn’t want to walk on it in my bare feet. The floors creak like crazy and I every time that I stepped anywhere on the floor it was noisy. This was problematic when my family was sleeping. The rooms are super tiny, even smaller than New York hotel rooms. We had 3 of us in our room and with our luggage, could barely move", "time": " July 2018", "helpful_vote": 1, "polarity": -0.094, "keywords": "['london', 'hotel', 'carpets', 'hot', 'refurbishing']", "matchKeywords": ["london", "hotel", "carpets", "hot"], "categories": ["facility", "loation_surroundings", "emotional_descriptions"], "userImg": "user-img.png"}, {"user_name": "Daniel B", "user_wrote_time": "Jun 2018", "contriNum": "16 contributions", "helpfulNum": "1 helpful vote", "currentRating": "3.0", "title": "Comfortable ", "content": "Stayed here with a friend for 2 nights, the receptionist was really helpfull and helped us to locate where the nearest bus stop and underground stations were, which are quite close! Room was smaller than the pictures shown, the toilet was very close to the sink which made things awkward, but besides that the room was clean and comfortable and no complaints. Breakfast was a standard continental menu not massive amounts of choice but enough to see you through the morning. If you don't mind walking it takes about 30/40 mins to get to the main attractions but as said earlier there is a bus stop really close which takes 20 mins so location is ok. There's a few bars, cafes and restaurants close also. All in all I'd stay here again and the price was fair considering it's London.", "time": " June 2018", "helpful_vote": 1, "polarity": 0.08, "keywords": "['breakfast', 'receptionist', 'restaurants', 'menu', 'cafes']", "matchKeywords": ["breakfast", "receptionist", "restaurants", "menu", "cafes"], "categories": ["food", "facility", "service"], "userImg": "user-img.png"}, {"user_name": "CarolinaTrekkers", "user_wrote_time": "Jun 2018", "contriNum": "488 contributions", "helpfulNum": "719 helpful votes", "currentRating": "4.0", "title": "Very clean, friendly, well located, and fairly priced", "content": "Located a six minute walk from Victoria Coach Station in a safe and neat neighborhood, very near Eccleston Square, where Sir Winston Churchill lived for about four years. Our room was small but large enough and very neat. Excellent shower and bathroom. The included continental breakfast buffet was healthy, copious, and good quality. The desk staff was very friendly and helpful; we especially appreciated that they let us leave our luggage in a secure space for several hours at no charge, so we could visit the lovely nearby British Tate gallery before heading to the airport. We dealt directly with the hotel so got a rate of about 45 pounds/night/person ... very reasonable price. Quiet. Understand they may be under new management as of late May or so ... nice folks. Good pub, the", "time": " June 2018", "helpful_vote": 2, "polarity": 0.683, "keywords": "['breakfast', 'hotel', 'shower', 'bathroom', 'buffet']", "matchKeywords": ["breakfast", "hotel", "shower", "bathroom", "buffet"], "categories": ["facility", "food"], "userImg": "user-img.png"}, {"user_name": "Celades88", "user_wrote_time": "Jun 2018", "contriNum": "46 contributions", "helpfulNum": "16 helpful votes", "currentRating": "4.0", "title": "Good Option for Victoria Station", "content": "Stayed here at the end of May whilst visiting a friend in London.  Stayed on the top floor, which did feel like a trek up endless stairs of an evening, but was an encouragement to stay out for a few more drinks and delay said stairs just that little bit longer. Placement wise it is ideal for Victoria Stations, Coach and Train, and Id say impossible to get lost going to or from, for those who would worry. In a fairly quiet location next to the Albanian Embassy, it is quiet, yet also short walking distance to all that one could want. Unfortunately I did not make it to the free breakfast, due to aforementioned beverages in a respectable alehouse, but can recommend the room. Not overly spacious, but clean and functionable and the aircon could turn any room into the Arctic.", "time": " May 2018", "helpful_vote": 1, "polarity": 0.214, "keywords": "['breakfast', 'evening', 'london', 'train', 'alehouse']", "matchKeywords": ["breakfast", "evening", "london", "train"], "categories": ["food", "time", "loation_surroundings", "surrounding_environment"], "userImg": "user-img.png"}, {"user_name": "ants366", "user_wrote_time": "May 2018", "contriNum": "18 contributions", "helpfulNum": "1 helpful vote", "currentRating": "3.0", "title": "Not so cheap and cheerful", "content": "Room smelled of cheesy feet. Couldn’t swing a very small kitten - the room was that cramped. My feet hung off the end of the bed and I’m only 5’9 - if you’re over 6’ your feet will touch the opposite wall! Satellite TV did not work - pixelated on almost all channels, did report to staff who fiddled with it for 10mins - the same as I had already - then said “oh well, sorry about that.” Bathroom a good size with a great shower and the air con was good. Was clean but tired decor - filler on the walls which hasnt been sanded and painted. Great location for city centre. Staff were polite - managed to negotiate an extra hour to check out on the back of the poor TV...they didn’t want to agree this but gave in eventually. Basically paid £270 for two nights to sleep in a sardine tin.", "time": " May 2018", "helpful_vote": 1, "polarity": -0.546, "keywords": "['kitten', 'bed', 'bathroom', 'shower', 'sleep']", "matchKeywords": ["bed", "bathroom", "shower", "sleep"], "categories": ["facility", "emotional_descriptions"], "userImg": "user-img.png"}, {"user_name": "Anthony S", "user_wrote_time": "May 2018", "contriNum": "4 contributions", "helpfulNum": "3 helpful votes", "currentRating": "2.0", "title": "Disappointed", "content": "On arrival found the front desk rude towards other staff members. Bathroom was bigger than the actual bedroom.. couldn’t swing a cat in it. It stated satalite tv.... this didn’t work! Great location for Victoria stations.. however I wouldn’t stay here again. Room smelt of cheesy feet and wasn’t worth the money we paid.", "time": " May 2018", "helpful_vote": 0, "polarity": -0.764, "keywords": "['rude', 'cat', 'cheesy', 'bathroom', 'bedroom']", "matchKeywords": ["rude", "bathroom", "bedroom"], "categories": ["emotional_descriptions", "facility"], "userImg": "user-img.png"}, {"user_name": "Dgn1010", "user_wrote_time": "Apr 2018", "contriNum": "322 contributions", "helpfulNum": "149 helpful votes", "currentRating": "5.0", "title": "Great location!", "content": "We walked everywhere in London by staying in this hotel. Everything of interest to us was up to 30 minutes on foot and being good walkers we didn’t mind that. There is a train station direct from the airport relatively close by as well. The room we were given was basic but met our needs as we weren’t in the room for a lot of the time. We asked to stay downstairs so as to not have to climb a lot of stairs so I would recommend this. Good value compared to a lot of other places we tried.", "time": " August 2017", "helpful_vote": 1, "polarity": -0.155, "keywords": "['hotel', 'london', 'train', 'airport', 'walkers']", "matchKeywords": ["hotel", "london", "train", "airport"], "categories": ["surrounding_environment", "facility", "loation_surroundings"], "userImg": "user-img.png"}, {"user_name": "Helmeringhausen", "user_wrote_time": "Apr 2018", "contriNum": "28 contributions", "helpfulNum": "33 helpful votes", "currentRating": "3.0", "title": "Great service ", "content": "I think most accommodations in this area are pretty the same. The room was pretty small and the noise level was really not easy to accept. But the front office staff was always available and helpful! I found it a bit overpriced but learned that this is common for London. The breakfast was ok, nothing special but always refilled by the service ladies. It is clean and safe. Not as good located as I thought it might be, but this could be my fault, I should have looked more carefully before booking.  I would not come back, simply this is not really a Hotel but more a Hostel. I feel too old for these accommodation type and I personally can’t stand families with small children....", "time": " April 2018", "helpful_vote": 2, "polarity": -0.461, "keywords": "['breakfast', 'overpriced', 'hotel', 'helpful', 'accommodations']", "matchKeywords": ["breakfast", "overpriced", "hotel", "helpful"], "categories": ["emotional_descriptions", "food", "facility"], "userImg": "user-img.png"}, {"user_name": "hartejason", "user_wrote_time": "Apr 2018", "contriNum": "3 contributions", "helpfulNum": "1 helpful vote", "currentRating": "4.0", "title": "Central and efficient", "content": "I stayed in the airways hotel and found its location (10 mins to Victoria station) to be excellent. The hotel is very good value for the prices and I found the food and service there to be very good. The managers Mann and Nick were very helpful and accommodating, even facilitating me when I had to change dates at fairly short notice.  Check in and out was very quick and painless and breakfast was well presented and tasty, if not overly innovative in terms of offering.", "time": " March 2018", "helpful_vote": 1, "polarity": 0.978, "keywords": "['tasty', 'breakfast', 'hotel', 'food', 'helpful']", "matchKeywords": ["tasty", "breakfast", "hotel", "food", "helpful"], "categories": ["food", "emotional_descriptions", "facility"], "userImg": "user-img.png"}, {"user_name": "mzdave", "user_wrote_time": "Mar 2018", "contriNum": "76 contributions", "helpfulNum": "30 helpful votes", "currentRating": "3.0", "title": "Did the Job", "content": "We stayed here for a night as I was running a half marathon in London. The location is ok, just 10/15 minute walk from Victoria Station. The surrounding area has some decent shops and bars. The hotel is a former house, like many others in the area. The check-in was efficient and staff were courteous, there is also a room to leave luggage and although it is not locked they do advise that valuables can be left at reception. There's no lift, and the stairs are quite narrow so perhaps this hotel us not suitable for those who are unsteady on their legs.  Our room wasn't the largest I've stayed in but it had everything you need for a comfortable stay. The decor was clean and modern and the bathroom was also well presented  Breakfast was cerial or continental and like the rest if the", "time": " March 2018", "helpful_vote": 1, "polarity": -0.103, "keywords": "['marathon', 'london', 'hotel', 'bathroom', 'breakfast']", "matchKeywords": ["london", "hotel", "bathroom", "breakfast"], "categories": ["facility", "loation_surroundings", "food"], "userImg": "user-img.png"}, {"user_name": "Marisol  P", "user_wrote_time": "Mar 2018", "contriNum": "9 contributions", "helpfulNum": "2 helpful votes", "currentRating": "5.0", "title": "Beautiful and great location", "content": "It is the second time my husband and I stayed at Airways, and this time we chose it because we liked it so much the time before. Comfortable room, we requested to stay in the same room as last time and we did. The concierges Mann and Nick were always very kind and helpful. The room was cosy and clean. Plus, it is near Victoria station so you can move around easily. Highly recommendable! ", "time": " March 2018", "helpful_vote": 1, "polarity": 0.467, "keywords": "['husband', 'concierges', 'comfortable', 'helpful', 'easily']", "matchKeywords": ["husband", "comfortable", "helpful", "easily"], "categories": ["emotional_descriptions", "companion"], "userImg": "user-img.png"}, {"user_name": "RICHARD B", "user_wrote_time": "Mar 2018", "contriNum": "34 contributions", "helpfulNum": "2 helpful votes", "currentRating": "5.0", "title": "STAYED LONGER.", "content": "I couldn’t fault this hotel or staff who were pleasant and accommodating throughout my stay.nice room with everything you needed,the smart tv was great.nice and quiet for the whole week with Victoria station 2 minutes up the road.i will use this hotel again.", "time": " March 2018", "helpful_vote": 1, "polarity": 0.997, "keywords": "['hotel', 'tv', 'pleasant', 'accommodating', 'smart']", "matchKeywords": ["hotel", "tv", "pleasant", "accommodating"], "categories": ["facility", "emotional_descriptions"], "userImg": "user-img.png"}, {"user_name": "Road758956", "user_wrote_time": "Mar 2018", "contriNum": "22 contributions", "helpfulNum": "2 helpful votes", "currentRating": "5.0", "title": "Great hotel ", "content": "A fantastic base for visiting London. Very close to Victoria Station and with walking distance of a lot of attractions. Rooms on small side but clean,  great bathroom and usual tea and coffee making stuff. Loved being able to go out on balcony. Beds comfy. Breakfast basic but enough to keep you going. Staff friendly and helpful. Great value for money as not overpriced and includes breakfast. Would definitely recommend and visit again. ", "time": " January 2018", "helpful_vote": 1, "polarity": 0.944, "keywords": "['tea', 'breakfast', 'comfy', 'helpful', 'coffee']", "matchKeywords": ["tea", "breakfast", "comfy", "helpful", "coffee"], "categories": ["food", "emotional_descriptions"], "userImg": "user-img.png"}, {"user_name": "Javier B", "user_wrote_time": "Mar 2018", "contriNum": "9 contributions", "helpfulNum": "1 helpful vote", "currentRating": "2.0", "title": "Not bad but pay attention to the room you get.", "content": "The hotel is not bad in London standards but some rooms have huge flaws. Initially we were given a room in the ground floor, the window had the heating system compressors right below and the noise was unbearable. Unfortunately, on the first night of our stay there were no more twin rooms so we were asked to stay on that one for the night and they promised to change it for the next night. The room we got for the second night was just like the other one but in the first floor and with windows to the main street, which was a whole new story. If I had got the second room on the first place I would  probably have rated the hotel 3 or 4 stars, but first night was horrible.  Apart of that, rooms were refurbished and clean, and beds were both comfy but they were small, not a huge deal", "time": " March 2018", "helpful_vote": 0, "polarity": -0.821, "keywords": "['night', 'london', 'hotel', 'refurbished', 'new']", "matchKeywords": ["night", "london", "hotel", "new"], "categories": ["time", "loation_surroundings", "facility", "emotional_descriptions"], "userImg": "user-img.png"}, {"user_name": "Rodrigo L", "user_wrote_time": "Feb 2018", "contriNum": "6 contributions", "helpfulNum": "1 helpful vote", "currentRating": "1.0", "title": "Worst place I ever stayed at. Tourist Trap.", "content": "- It's an old (more than 100 years old) building, badly refurbished. - There is no elevator/lift in the building, the staircase is narrow and steep. - The room was smaller than expected, we could barely move. There was nowhere to put the luggage so we had to walk over them to get to the bathroom. - Hard, small and uncomfortable bed & pillow. - The bathroom was so small you had to use the toilet sideways since there was no leg room to fit. Nowhere to hang wet towels.  - Shower tray filled up and would not drain. - Linens and walls were dirty, as well as the carpet. - Walls were extremely thin and could hear guests from the neighbouring rooms at night. - Very creaky floorboards and noisy slamming doors outside our room. - The room was freezing - Poor Internet connection, need to", "time": " January 2018", "helpful_vote": 0, "polarity": -0.968, "keywords": "['toilet', 'bathroom', 'shower', 'floorboards', 'carpet']", "matchKeywords": ["toilet", "bathroom", "shower", "carpet"], "categories": ["facility"], "userImg": "user-img.png"}, {"user_name": "ivorb68", "user_wrote_time": "Feb 2018", "contriNum": "153 contributions", "helpfulNum": "14 helpful votes", "currentRating": "3.0", "title": "COnvenient for Victoria", "content": "A fairly small room four flights of stairs up (not a problem for me).  The room was clean and ingeniously laid out to get all required facilities in a small space.  As an overnight business stop it was fine and great value for the area.  I would not want to spend much time in the room, and there was little space to work, but I would certainly use this hotel again for the price and location", "time": " February 2018", "helpful_vote": 1, "polarity": 0.419, "keywords": "['hotel', 'ingeniously', 'overnight', 'business', 'clean']", "matchKeywords": ["hotel", "overnight", "business", "clean"], "categories": ["facility", "time", "travelling_purpose", "emotional_descriptions"], "userImg": "user-img.png"}, {"user_name": "dbaglin2018", "user_wrote_time": "Feb 2018", "contriNum": "1 contribution", "helpfulNum": "1 helpful vote", "currentRating": "2.0", "title": "Won't be back", "content": "Stayed in a double room for one night (thankful that is all) in feb 2018. At £128 this hotel is heavily overpriced in my view. The room I had was very small, the decor was grubby, carpet dirty, and the t.v reception was terrible. The male receptionist was far far from friendly. Won't be back!", "time": " February 2018", "helpful_vote": 0, "polarity": -0.969, "keywords": "['overpriced', 'terrible', 'hotel', 'carpet', '2018']", "matchKeywords": ["overpriced", "terrible", "hotel", "carpet"], "categories": ["emotional_descriptions", "facility"], "userImg": "user-img.png"}, {"user_name": "ann m", "user_wrote_time": "Feb 2018", "contriNum": "37 contributions", "helpfulNum": "16 helpful votes", "currentRating": "4.0", "title": "REQUEST A BATHROOM IF YOU TALL", "content": "I stayed here for 2 nights with 2 rooms it was in a quiet street 10 minute walk from Victoria Train station. The room was adequate for sleeping in & seemed to be recently decorated however our bathroom was much to small the toilet was so close to wall your knees would not fit would have been ok if under 5ft however our 2nd room was a better shape & a bit more room in it.  However we found the staff very helpful. The breakfast was continental and satisfactory.", "time": " February 2018", "helpful_vote": 1, "polarity": -0.033, "keywords": "['bathroom', 'breakfast', 'toilet', 'sleeping', 'train']", "matchKeywords": ["bathroom", "breakfast", "toilet", "sleeping", "train"], "categories": ["facility", "food", "emotional_descriptions", "surrounding_environment"], "userImg": "user-img.png"}, {"user_name": "Keeley H", "user_wrote_time": "Jan 2018", "contriNum": "21 contributions", "helpfulNum": "22 helpful votes", "currentRating": "5.0", "title": "Lovely...", "content": "So a ten minute slow walk from Victoria station London, brought me to the Airways Hotel, the gentleman on reception was lovely and he checked.me in quickly. The room was a single room and although small, had been designed to maximise the space. It was supremely clean and the bed was comfortable.  My room was quiet with only the faintest sound from the railway. The bathroom was very clean with an amazing waterfall shower, plenty of hot water and some nice shower gel. Breakfast was plentiful and a good selection of cereals, cold meats, pastries and juice. Staff were efficient in replenishing everything and tidying up.  The hotel is ideally positioned with shops, pharmacies, salons and a market within a few minutes walk. At night the area is well lit and quiet. All in all I would", "time": " January 2018", "helpful_vote": 1, "polarity": 0.503, "keywords": "['shower', 'bathroom', 'breakfast', 'pharmacies', 'bed']", "matchKeywords": ["shower", "bathroom", "breakfast", "bed"], "categories": ["facility", "food"], "userImg": "user-img.png"}, {"user_name": "chubbyhippo1", "user_wrote_time": "Jan 2018", "contriNum": "22 contributions", "helpfulNum": "15 helpful votes", "currentRating": "4.0", "title": "Good stay", "content": "Staff friendly, good 24 hour reception, comfortable, no disabled access, good location, good information leaflets at reception, good shower, bad hair dryer, good self service breakfast, quite alot of stairs, no elevator, vending machine at reception ", "time": " January 2018", "helpful_vote": 1, "polarity": 0.598, "keywords": "['comfortable', 'breakfast', 'elevator', 'friendly', 'dryer']", "matchKeywords": ["comfortable", "breakfast", "elevator", "friendly", "dryer"], "categories": ["emotional_descriptions", "facility", "food"], "userImg": "user-img.png"}, {"user_name": "Jayne B", "user_wrote_time": "Jan 2018", "contriNum": "44 contributions", "helpfulNum": "5 helpful votes", "currentRating": "3.0", "title": "Breakfast! ", "content": "I asked for gluten free options for my breakfast. 10 minutes later 3 slices of toast arrived. Brought out sitting on top of a basket of croissants, no plate separating the toast !!! Don’t think they grasp the cross contamination, if your staying here and are celiac, take your own breakfast. Rooms were ok though.", "time": " January 2018", "helpful_vote": 1, "polarity": -0.618, "keywords": "['breakfast', 'croissants', 'toast', 'plate', 'basket']", "matchKeywords": ["breakfast", "croissants"], "categories": ["food"], "userImg": "user-img.png"}, {"user_name": "YSC24", "user_wrote_time": "Jan 2018", "contriNum": "136 contributions", "helpfulNum": "23 helpful votes", "currentRating": "3.0", "title": "Overall a bad quality of hotel room", "content": "There were only a few redeeming factors. The basic design of the place was nice on first sight. The shower head strength was nice too (although drainage was a problem). The staff were reasonably friendly from the little contact we had with them.  The overall quality of our stay wasn't great, below average in fact. The wifi was so inadequate we couldn't even make basic google searches. The shower was blocked. The walls are paper thin. The light coming through the door alone was like having a light on. The room was freezing when we arrived. The 'double' bed was definitely a bit on the small side. The paint on the walls was patchy and didn't look clean. Carpets weren't especially clean either. Can't comment on breakfast because we had none.", "time": " January 2018", "helpful_vote": 1, "polarity": -0.498, "keywords": "['shower', 'freezing', 'bed', 'wifi', 'patchy']", "matchKeywords": ["shower", "bed", "wifi"], "categories": ["facility"], "userImg": "user-img.png"}, {"user_name": "deesoto", "user_wrote_time": "Jan 2018", "contriNum": "311 contributions", "helpfulNum": "87 helpful votes", "currentRating": "4.0", "title": "fantastic location", "content": "it realy is just 5 min from victoria station, we walked with our case's no problem at all. great little room unfortunatly a little noisy as other customer go in & out of there rooms, staff we of great helf even letting us use the fridge in the kitchen as we were staying over christmas & would be staying in our room for christmas day, i was a bt disapointed at breakfast on christmas day it was exactly the same as any other day, i think they could have made a little effort to make it a bit differant. price was good for location & rooms were clean & warm, we had a problem with the not so big double bed, it was so small we were stiff every morning from not having any room to move around which was a big letdown, it was so small my feet would hang of the end (i'm 1.72). i requested", "time": " December 2017", "helpful_vote": 1, "polarity": -0.419, "keywords": "['fridge', 'breakfast', 'christmas', 'kitchen', 'morning']", "matchKeywords": ["fridge", "breakfast", "christmas", "kitchen", "morning"], "categories": ["facility", "time", "food"], "userImg": "user-img.png"}, {"user_name": "Serika N", "user_wrote_time": "Jan 2018", "contriNum": "18 contributions", "helpfulNum": "2 helpful votes", "currentRating": "4.0", "title": "Comfortable, reasonably priced and centrally located", "content": "Stayed in a 3 sleeper room on the 2nd floor from 22 Dec 2017 to 24 Dec 2017. The hotel is in an excellent location - relatively close to many tourist attractions as well as the Victoria Station. The rooms were quite small (although they do not allude to being large and spacious). The bed was spacious and decently comfortable. The bathrooms were great - modern, with excellent shower. Breakfast was really good value for money in terms of the freshness and the variety - as well as the fact that the staff continuously refilled items well before they ran out. The receptionist gladly stored our luggage on our last day, while we toured the city. The only real inconvenience is that there is no lift, so travelling with significant amounts of luggage may become cumbersome.", "time": " December 2017", "helpful_vote": 1, "polarity": 0.129, "keywords": "['bathrooms', 'breakfast', 'bed', 'shower', 'hotel']", "matchKeywords": ["bathrooms", "breakfast", "bed", "shower", "hotel"], "categories": ["facility", "food"], "userImg": "user-img.png"}]}