{"name": "Victor_Hotel_London_Victoria", "price": "$101", "img": "holder.js/250x250?theme=thumb", "rating": "3.5", "ratingNum": 105, "reviews": [{"user_name": "whxismee", "user_wrote_time": "Jan 2020", "contriNum": "1 contribution", "helpfulNum": "0", "currentRating": "3.0", "title": "Not bad, but could improve", "content": "It's a really good place in a good situation, close to both buses and underground, and the personnel is so nice, but the no-elevator thing killed us. Sometimes the wifi signal would not connect and there was a day the towels were not changed even when we asked for it. Everything else was perfect. ", "time": " January 2020", "helpful_vote": 0, "polarity": 0.065, "keywords": "['wifi', 'towels', 'buses', 'elevator', 'perfect']", "matchKeywords": ["wifi", "towels", "buses", "elevator", "perfect"], "categories": ["facility", "emotional_descriptions"], "userImg": "user-img.png"}, {"user_name": "Mischievoustrip", "user_wrote_time": "Jan 2020", "contriNum": "91 contributions", "helpfulNum": "35 helpful votes", "currentRating": "5.0", "title": "Very nice!", "content": "The hotel is small and nice, the location is just great, close to everything, Victoria station, many good restaurants. The room was clean. The staff was very helpful, the manager and Maria were very polite and helpful.  Definitely would stay there again! Thank you.", "time": " January 2020", "helpful_vote": 0, "polarity": 0.984, "keywords": "['polite', 'clean', 'helpful', 'restaurants', 'hotel']", "matchKeywords": ["polite", "clean", "helpful", "restaurants", "hotel"], "categories": ["emotional_descriptions", "facility"], "userImg": "user-img.png"}, {"user_name": "stephenhood1", "user_wrote_time": "Jan 2020", "contriNum": "1 contribution", "helpfulNum": "0", "currentRating": "5.0", "title": "London Trip and Victor Hotel", "content": "This hotel was very good value for money and had very helpful staff. The 24 hour reception is a great idea, saves you have to worry about losing the keys. Close to some great places to eat and public transport only a couple of minutes away. ", "time": " January 2020", "helpful_vote": 0, "polarity": 0.881, "keywords": "['helpful', 'hotel', 'reception', 'saves', 'great']", "matchKeywords": ["helpful", "hotel", "reception", "great"], "categories": ["emotional_descriptions", "facility", "service"], "userImg": "user-img.png"}, {"user_name": "patricio g", "user_wrote_time": "Jan 2020", "contriNum": "3 contributions", "helpfulNum": "5 helpful votes", "currentRating": "4.0", "title": "Comfortable Stay. Nice Staff", "content": "Nice and clean rooms.   Nice towels.   Very good service. Nice and helpful staff.  Internet could be better though, it got cut off often.    Good location and easy access.   I could not get the tv to work.  I would recommend it. ", "time": " January 2020", "helpful_vote": 0, "polarity": 0.5, "keywords": "['towels', 'helpful', 'internet', 'clean', 'easy']", "matchKeywords": ["towels", "helpful", "internet", "clean", "easy"], "categories": ["facility", "emotional_descriptions"], "userImg": "user-img.png"}, {"user_name": "Marta M", "user_wrote_time": "Jan 2020", "contriNum": "9 contributions", "helpfulNum": "5 helpful votes", "currentRating": "5.0", "title": "Excellent", "content": "Everything was excellent, the only thing that we would improve is the room size ; but anyway if you go sightseeing, you don’t need a  large size. Recommended to everyone! A hi to Maria, she particularly helped a lot.", "time": " January 2020", "helpful_vote": 0, "polarity": 0.895, "keywords": "['sightseeing', 'improve', 'helped', 'large', 'excellent']", "matchKeywords": ["sightseeing"], "categories": ["surrounding_environment"], "userImg": "user-img.png"}, {"user_name": "Joao R", "user_wrote_time": "Jan 2020", "contriNum": "96 contributions", "helpfulNum": "37 helpful votes", "currentRating": "2.0", "title": "Small hotel  acceptable for 1 -2 nights", "content": "The photos on the website are much nicer than the rooms. I was in room 19 (in the attic) and it does not appear on the website photos.  The lock at the door did not work. There was a chain but also did not work. The door key did not work from the inside. Anyone could enter the room at night\"!.... There is no security at all (at least for the room I was in. When I reported the fact to reception they did not seem to care. ", "time": " January 2020", "helpful_vote": 0, "polarity": -0.745, "keywords": "['attic', 'night', 'website', 'security', 'inside']", "matchKeywords": ["night", "security"], "categories": ["time", "emotional_descriptions"], "userImg": "user-img.png"}, {"user_name": "pascaleruelle", "user_wrote_time": "Jan 2020", "contriNum": "1 contribution", "helpfulNum": "0", "currentRating": "5.0", "title": "Excellent!", "content": "We had such a great time in this hotel! Everything is close by (Victoria Station, Buckingam Palace, Westminster center, St. James park, Hyde Park...) and we find many good restaurants near the hotel (O' sole mio, italian restaurant !).  Our room (number 5) was always clean and very calm. The staff is very welcoming ans gentle. ", "time": " January 2020", "helpful_vote": 0, "polarity": 0.985, "keywords": "['hotel', 'restaurant', 'restaurants', 'clean', 'welcoming']", "matchKeywords": ["hotel", "restaurant", "restaurants", "clean", "welcoming"], "categories": ["facility", "emotional_descriptions"], "userImg": "user-img.png"}, {"user_name": "Barbara F", "user_wrote_time": "Jan 2020", "contriNum": "12 contributions", "helpfulNum": "5 helpful votes", "currentRating": "5.0", "title": "Perfectly situated, great for a weekend trip to London", "content": "We stayed in a triple room, small and neat. The staff is super helpful and the location is perfect. Right in between two underground stations and walking distance from Hyde Park, the London Eye and Big Ben. Loads of options in the neighbourhood for breakfast and dinner. Definitely would recommend this hotel to friends. ", "time": " January 2020", "helpful_vote": 0, "polarity": 0.664, "keywords": "['breakfast', 'hotel', 'dinner', 'london', 'friends']", "matchKeywords": ["breakfast", "hotel", "dinner", "london", "friends"], "categories": ["food", "facility", "loation_surroundings", "emotional_descriptions"], "userImg": "user-img.png"}, {"user_name": "Van Loosen", "user_wrote_time": "Dec 2019", "contriNum": "1 contribution", "helpfulNum": "0", "currentRating": "5.0", "title": "Excellent Location Good Hotel", "content": "Excellent customer service. So close to transport links and a wide foray of cafes and restaurants, Coffee and Breakfast was superb.  Mattress was super soft, Found topper on the bed. Good and relax.Nice and clean.We will return.", "time": " December 2019", "helpful_vote": 0, "polarity": 0.807, "keywords": "['mattress', 'bed', 'breakfast', 'coffee', 'clean']", "matchKeywords": ["mattress", "bed", "breakfast", "coffee", "clean"], "categories": ["facility", "food", "emotional_descriptions"], "userImg": "user-img.png"}, {"user_name": "TGorrissen", "user_wrote_time": "Dec 2019", "contriNum": "91 contributions", "helpfulNum": "36 helpful votes", "currentRating": "1.0", "title": "I would rather sleep in the steeet", "content": "A joke of a hotel, got what could have been a prison cell in the basement. The shower was so small you hardly could get in. Dont be fooled by the pretty pictures, they dont reflect the actual standard of the “hotel”", "time": " December 2019", "helpful_vote": 0, "polarity": -0.952, "keywords": "['basement', 'prison', 'shower', 'hotel', 'fooled']", "matchKeywords": ["basement", "shower", "hotel"], "categories": ["facility"], "userImg": "user-img.png"}, {"user_name": "Brendon456", "user_wrote_time": "Dec 2019", "contriNum": "1 contribution", "helpfulNum": "0", "currentRating": "5.0", "title": "Nice and Small Hotel", "content": "The 2 gentlemen in reception were very pleasant and helpful. Hotel was very centrally situated to get to attractions. A big plus was across road from hotel was bus stop. Number 24 bus from there went to West End stopping at Victoria, Piccadilly, Leicester Sq and other stops. Very convenient.", "time": " December 2019", "helpful_vote": 0, "polarity": 0.762, "keywords": "['hotel', 'bus', 'pleasant', 'helpful', 'convenient']", "matchKeywords": ["hotel", "bus", "pleasant", "helpful", "convenient"], "categories": ["facility", "emotional_descriptions"], "userImg": "user-img.png"}, {"user_name": "117charlie1985", "user_wrote_time": "Nov 2019", "contriNum": "1 contribution", "helpfulNum": "0", "currentRating": "5.0", "title": "Great visit", "content": "It was a great visit, the hotel staff very kind and helpful, the room was small but confortable and the breakfast was very nice. We enjoyed the Victor Hotel and we would recommend it for a week end trip in London", "time": " November 2019", "helpful_vote": 0, "polarity": 0.999, "keywords": "['breakfast', 'hotel', 'helpful', 'enjoyed', 'nice']", "matchKeywords": ["breakfast", "hotel", "helpful", "enjoyed", "nice"], "categories": ["emotional_descriptions", "food", "facility"], "userImg": "user-img.png"}, {"user_name": "Lucysworldtravels", "user_wrote_time": "Nov 2019", "contriNum": "206 contributions", "helpfulNum": "30 helpful votes", "currentRating": "4.0", "title": "Nice inexpensive hotel", "content": "We spent 2 nights here and had a spaciouds ground florr room with 2 beds, large bathroom, and kettle with coffee and tea. Beds were very comfortable, I only wish the TV had been bigger (it was smaller than my computer screen!). Close to the Pimlico underground stop and several restaurants", "time": " November 2019", "helpful_vote": 0, "polarity": -0.49, "keywords": "['tea', 'beds', 'bathroom', 'coffee', 'pimlico']", "matchKeywords": ["tea", "beds", "bathroom", "coffee", "pimlico"], "categories": ["food", "facility", "loation_surroundings"], "userImg": "user-img.png"}, {"user_name": "Bullimann", "user_wrote_time": "Nov 2019", "contriNum": "10 contributions", "helpfulNum": "2 helpful votes", "currentRating": "4.0", "title": "Great traditional style - average breakfast", "content": "I likes the house - small, steep stairs, very small and traditional. Staff was helpful. Beds ok. Just the breakfast was a bit loveless. O.K., it's only 6 pounds, but still. Coffee wasn't really good. No rug bread, no fruits, just one sort of cheese, cheap bread. If you pay 150 to 200 pounds per night, I'd happily pay another 10 pounds for a bit more highlights at the breakfast. For 6 pounds it was maybe ok, but in my eyes it doesn't really match to the hotel.", "time": " November 2019", "helpful_vote": 0, "polarity": -0.383, "keywords": "['breakfast', 'cheap', 'cheese', 'coffee', 'bread']", "matchKeywords": ["breakfast", "cheap", "cheese", "coffee", "bread"], "categories": ["food", "emotional_descriptions"], "userImg": "user-img.png"}, {"user_name": "Petra_Pezi72", "user_wrote_time": "Nov 2019", "contriNum": "1 contribution", "helpfulNum": "0", "currentRating": "4.0", "title": "Sightseeing in London", "content": "The Hotel is good located in a friendly and not so touristic street; only a few minutes away from the unterground, bus and Train-station; the Rooms are nice and good equiped; really friendly and helpfull guys ", "time": " October 2019", "helpful_vote": 0, "polarity": 0.993, "keywords": "['touristic', 'hotel', 'friendly', 'nice', 'helpfull']", "matchKeywords": ["hotel", "friendly", "nice"], "categories": ["emotional_descriptions", "facility"], "userImg": "user-img.png"}, {"user_name": "940julio", "user_wrote_time": "Nov 2019", "contriNum": "1 contribution", "helpfulNum": "0", "currentRating": "5.0", "title": "Stay", "content": "Great serviced, got well looked after by the staff, room as immaculate, nothing was missing in the room.  I believe for the price that i paid the room and the serviced was 10/10 and there should be no complaints!   If possible as i’ve seen it would be good to have an iron and iron board in the room specially for those that are staying for business or maybe they already have within the housekeeping service and i dont know since i only stayed for a few hours.  Great service and great customer service !!! ", "time": " November 2019", "helpful_vote": 0, "polarity": 0.506, "keywords": "['housekeeping', 'hours', 'paid', 'customer', 'staff']", "matchKeywords": ["housekeeping", "hours", "customer", "staff"], "categories": ["service", "time", "companion"], "userImg": "user-img.png"}, {"user_name": "Sandip Mookerjee", "user_wrote_time": "Nov 2019", "contriNum": "2 contributions", "helpfulNum": "2 helpful votes", "currentRating": "4.0", "title": "Decent stay at affordable cost in prime location in London - walking distance from Buckingham Palace", "content": "Excellent location, slightly old fashioned hotel with very courteous and helpful staff . However the space available is very limited and eventhough we were conscious of the room dimensions while selecting, on arrival, we found it to be very congested. Being an old construction, there was no possibility of having an elevator and so taking the heavy luggage to the second floor room was a bit of a strain for middle aged people like us. The hotel staff are extremely caring and helpful and we felt guilty when they took the trouble of also heaving the luggage through the steep staircase. In general a pleasant experience", "time": " October 2019", "helpful_vote": 0, "polarity": 0.129, "keywords": "['elevator', 'courteous', 'hotel', 'congested', 'caring']", "matchKeywords": ["elevator", "courteous", "hotel"], "categories": ["facility", "service"], "userImg": "user-img.png"}, {"user_name": "Arik S", "user_wrote_time": "Oct 2019", "contriNum": "4 contributions", "helpfulNum": "0", "currentRating": "4.0", "title": "Very good hotel", "content": "The hotel is in a quiet neighborhood (Pimlico) 4 minutes walk from the subway station, or 6 minutes walk from Victoria Station. The hotel is small but clean and comfortable. The room was a bit small for a couple with a suitcase (there was no room to open it). The staff was very friendly and happy to help with any questions", "time": " October 2019", "helpful_vote": 0, "polarity": 0.321, "keywords": "['comfortable', 'subway', 'pimlico', 'hotel', 'clean']", "matchKeywords": ["comfortable", "subway", "pimlico", "hotel", "clean"], "categories": ["emotional_descriptions", "surrounding_environment", "loation_surroundings", "facility"], "userImg": "user-img.png"}, {"user_name": "Elide F", "user_wrote_time": "Oct 2019", "contriNum": "10 contributions", "helpfulNum": "1 helpful vote", "currentRating": "4.0", "title": "Nice stay for 3 days journey in London", "content": "Excellent staff. The room is small and the bed is designed for small-sized people, but it's comfortable. The position is awesome, few minutes walk from Victoria Station. The prize is fair and brakfast adequate. They also provide you a breakfast-bag on demand. For a short stay it's exactly what you need.", "time": " September 2019", "helpful_vote": 0, "polarity": 0.791, "keywords": "['breakfast', 'comfortable', 'bed', 'fair', 'small']", "matchKeywords": ["breakfast", "comfortable", "bed", "small"], "categories": ["emotional_descriptions", "food", "facility"], "userImg": "user-img.png"}, {"user_name": "Abduvali Ismailov", "user_wrote_time": "Oct 2019", "contriNum": "1 contribution", "helpfulNum": "0", "currentRating": "5.0", "title": "Very good hotel for business trips.", "content": "I had a chance to stay in this hotel while I travelled for business purposes. Nice convenience and helpful staff. Close (7 minutes walking) location from Victoria station, where there is possibility to travel by metro, shuttlebus and others. Room is cleaned well every day. Also you may find a nice breakfast.  Besides there a coffeemaker in the room, and you may have tea of coffee for free of charge any time.", "time": " September 2019", "helpful_vote": 0, "polarity": 0.677, "keywords": "['coffeemaker', 'tea', 'breakfast', 'coffee', 'hotel']", "matchKeywords": ["tea", "breakfast", "coffee", "hotel"], "categories": ["food", "facility"], "userImg": "user-img.png"}, {"user_name": "Richard Podnar", "user_wrote_time": "Sep 2019", "contriNum": "1 contribution", "helpfulNum": "0", "currentRating": "5.0", "title": "Friendly and very professional Service", "content": "I cannot help but liking The Victor Hotel, in spite of the fact that it is definitely NOT for persons of any girth. The rooms are small, the bathrooms even smaller (though the shower was ample enough). The rooms facing the street are bright and cheerful, and there was surprisingly not a lot of noise from the charming neighbourhood at any time of the day or night. Many have complimented the outgoing, friendly and very professional demeanour of the staff. Nimesh and his crew could not have been more helpful and we thank them for their hospitality. In spite of the cramped quarters (back home we experience many similar hotels in large U.S. cities, so it is no fault of London nor a particularly special case to single out), the Victor Hotel is an excellent location between Victoria", "time": " September 2019", "helpful_vote": 0, "polarity": 0.576, "keywords": "['bathrooms', 'hospitality', 'hotel', 'hotels', 'cramped']", "matchKeywords": ["bathrooms", "hospitality", "hotel", "hotels", "cramped"], "categories": ["facility", "emotional_descriptions"], "userImg": "user-img.png"}, {"user_name": "paulaklepser", "user_wrote_time": "Sep 2019", "contriNum": "1 contribution", "helpfulNum": "0", "currentRating": "4.0", "title": "Perfect for a short trip", "content": "We went to London to watch „Hamilton“ at the Victoria Place Theater. This Hotel was perfectly near the Theater. The room was cute and clean and the staff was 24 Hours friendly. Even our complicated Check-in and Check-out times could be handled perfectly! Next Time, i will choose this Hotel again!", "time": " September 2019", "helpful_vote": 0, "polarity": 0.98, "keywords": "['hotel', 'theater', 'london', 'perfectly', 'clean']", "matchKeywords": ["hotel", "theater", "london", "perfectly", "clean"], "categories": ["facility", "surrounding_environment", "emotional_descriptions", "loation_surroundings"], "userImg": "user-img.png"}, {"user_name": "Citytraveller51", "user_wrote_time": "Aug 2019", "contriNum": "1 contribution", "helpfulNum": "0", "currentRating": "5.0", "title": "Great Central hotel", "content": "Very comfortable, homely room! The staff was very attentive and everything was clean. Front Desk is operated around the clock, great. Tasty continental breakfast, great location, nice neighbourhood, clean.", "time": " August 2019", "helpful_vote": 0, "polarity": 0.998, "keywords": "['clean', 'homely', 'comfortable', 'tasty', 'breakfast']", "matchKeywords": ["clean", "comfortable", "tasty", "breakfast"], "categories": ["emotional_descriptions", "food"], "userImg": "user-img.png"}, {"user_name": "Inspire20464538497", "user_wrote_time": "Jun 2019", "contriNum": "1 contribution", "helpfulNum": "0", "currentRating": "5.0", "title": "Some of the best service I've received in London", "content": "They differentiate themselves in the friendliness and quality of their service. I've stayed in dozens of London hotels and this was the best small hotel experience I've had. Very well located directly in front of the 24 Bus line and a couple minutes walk from Pimlico Station.", "time": " June 2019", "helpful_vote": 0, "polarity": 0.972, "keywords": "['pimlico', 'hotel', 'hotels', 'friendliness', 'london']", "matchKeywords": ["pimlico", "hotel", "hotels", "friendliness", "london"], "categories": ["facility", "loation_surroundings", "emotional_descriptions"], "userImg": "user-img.png"}, {"user_name": "Vanessa T", "user_wrote_time": "Jun 2019", "contriNum": "1 contribution", "helpfulNum": "0", "currentRating": "5.0", "title": "great time!", "content": "Great hotel. Staff was very friendly, excellent location just down the street from Victoria station. The rooms are tiny but have everything you need and we’re well kept and clean. Would definitely return and recommend to anyone!", "time": " June 2019", "helpful_vote": 0, "polarity": 0.993, "keywords": "['clean', 'friendly', 'hotel', 'tiny', 'great']", "matchKeywords": ["clean", "friendly", "hotel", "tiny", "great"], "categories": ["emotional_descriptions", "facility"], "userImg": "user-img.png"}, {"user_name": "MIchael", "user_wrote_time": "Jun 2019", "contriNum": "2 contributions", "helpfulNum": "0", "currentRating": "5.0", "title": "great spot to stay", "content": "This hotel is located in a great location.  Easy walking to Victoria Station and many sights.  There were great food spots close by including a great Pub on the same street two blocks west.  There was also a great Italian spot on the same block west of hotel.  ", "time": " June 2019", "helpful_vote": 0, "polarity": 0.776, "keywords": "['hotel', 'pub', 'italian', 'food', 'easy']", "matchKeywords": ["hotel", "pub", "food", "easy"], "categories": ["facility", "food", "emotional_descriptions"], "userImg": "user-img.png"}, {"user_name": "Ben H", "user_wrote_time": "Jun 2019", "contriNum": "4 contributions", "helpfulNum": "0", "currentRating": "3.0", "title": "Eurotrip 2019", "content": "On a recent trip through the UK, we booked this hotel through a travel site and stayed for a few nights.  It was located in a very good neighborhood with quick access to the Underground metro at Victoria Station as well as the tour buses across the street Victoria Station.  There are several good restaurants and markets nearby, and it is in walking distance of Westminster Abbey and Buckingham Palace.  The pros of the location made this hotel worth it.  The room itself is very small and reminded me of a college dorm room.  The double bed fills most of the room, and the bathroom including the shower are very small as well.  There isn’t AC in the room, but there is an oscillating fan and a portable space heater in the closet.  We travel with earplugs so we opened windows and turned", "time": " June 2019", "helpful_vote": 0, "polarity": 0.096, "keywords": "['hotel', 'restaurants', 'bathroom', 'dorm', 'closet']", "matchKeywords": ["hotel", "restaurants", "bathroom", "closet"], "categories": ["facility"], "userImg": "user-img.png"}, {"user_name": "hotels2go2", "user_wrote_time": "Jun 2019", "contriNum": "27 contributions", "helpfulNum": "9 helpful votes", "currentRating": "2.0", "title": "No hot water no lounge dirty", "content": "When we arrived there was a notice on the reception desk to say there was no hot water for the 18th and 19th May (the two days of our stay)  We had not been advised of this prior to getting to the hotel so we accepted the £25 per day refund.  Our room was directly behind the reception desk.   It was very warm so we had the window open but we got a lot of smoke from the staff on the steps outside.  The beds were lovely and clean but the room was not very clean the windows sills were thick with dust, as was the bedside table lamp.   The bathroom sink had a massive crack in it and the shower was very old and dingy with bits missing from the shower tray just as well we had no hot water I would not have used it anyway. The breakfast was pretty good but the room which is in the", "time": " May 2019", "helpful_vote": 0, "polarity": -0.511, "keywords": "['breakfast', 'dingy', 'bathroom', 'shower', 'sink']", "matchKeywords": ["breakfast", "bathroom", "shower", "sink"], "categories": ["facility", "food"], "userImg": "user-img.png"}, {"user_name": "Ann C", "user_wrote_time": "May 2019", "contriNum": "13 contributions", "helpfulNum": "2 helpful votes", "currentRating": "2.0", "title": "Small rooms. No frills.", "content": "Very small room. No elevators that I could see. Close enough to Victoria station. Quiet street. Weird that you have to give them your key if you leave for the day. Only provide bath towels. No hand towels or wash clothes.", "time": " May 2019", "helpful_vote": 1, "polarity": -0.692, "keywords": "['towels', 'bath', 'wash', 'quiet', 'elevators']", "matchKeywords": ["towels", "bath", "quiet", "elevators"], "categories": ["facility", "emotional_descriptions"], "userImg": "user-img.png"}, {"user_name": "Wander54999205079", "user_wrote_time": "May 2019", "contriNum": "1 helpful vote", "helpfulNum": "0", "currentRating": "5.0", "title": "Very good", "content": "Great place to stay .even though there was a problem with the water heater. Diego was very nice and helpful on place to see and how to get local transportation .I will recommend this hotel to family and friends. ", "time": " May 2019", "helpful_vote": 1, "polarity": 0.999, "keywords": "['hotel', 'friends', 'helpful', 'heater', 'nice']", "matchKeywords": ["hotel", "friends", "helpful", "nice"], "categories": ["emotional_descriptions", "facility"], "userImg": "user-img.png"}, {"user_name": "aportal731", "user_wrote_time": "May 2019", "contriNum": "1 contribution", "helpfulNum": "1 helpful vote", "currentRating": "5.0", "title": "VIctor Hotel Experience", "content": "This hotel is located in a very nice area. Close to many of the major attractions.  The bus stops right in front of the hotel which makes it easy to take public transportation.  The staff is friendly and helpful.  Our room was small and more outdated than any other hotel we have used.  It was also cold but thankfully they provided a separate heater.  Overall, because of where it was located, it made up for the room inconvenience and we managed. ", "time": " May 2019", "helpful_vote": 1, "polarity": 0.395, "keywords": "['bus', 'hotel', 'inconvenience', 'outdated', 'cold']", "matchKeywords": ["bus", "hotel", "cold"], "categories": ["facility", "emotional_descriptions"], "userImg": "user-img.png"}, {"user_name": "Vacationer214004", "user_wrote_time": "May 2019", "contriNum": "1 contribution", "helpfulNum": "1 helpful vote", "currentRating": "3.0", "title": "TINY TINY", "content": "rooms are so small you can barely walk around and NO elevator so you are left toting your heavy luggage up stair after stair...horrible to say the least.  The room was clean thank God, otherwise we would not have stayed.", "time": " April 2019", "helpful_vote": 1, "polarity": -0.61, "keywords": "['elevator', 'horrible', 'luggage', 'heavy', 'rooms']", "matchKeywords": ["elevator", "horrible", "luggage", "rooms"], "categories": ["facility", "emotional_descriptions", "service"], "userImg": "user-img.png"}, {"user_name": "Departure68578024118", "user_wrote_time": "Apr 2019", "contriNum": "1 helpful vote", "helpfulNum": "0", "currentRating": "4.0", "title": "Simple, value for money, great location", "content": "Nice hotel in central London for a good price. Small room with en suite but everything we needed. We would stay there again without thinking about it. Nice cafes and pubs locally and just four tube stops from Oxford Circus.", "time": " April 2019", "helpful_vote": 1, "polarity": 0.251, "keywords": "['hotel', 'pubs', 'cafes', 'circus', 'london']", "matchKeywords": ["hotel", "pubs", "cafes", "london"], "categories": ["facility", "loation_surroundings"], "userImg": "user-img.png"}, {"user_name": "Telma O", "user_wrote_time": "Apr 2019", "contriNum": "92 contributions", "helpfulNum": "48 helpful votes", "currentRating": "3.0", "title": "Good location, but missing information from the team", "content": "The hotel has a good location.  At the check-in, the receptionist did not inform us the breakfast was included, so we lost 45 pounds as we had breakfast outside the hotel.... I asked if was possible a refund, but was offered breakfast in another opportunity, which will certainly not happen, as I live in Brasil and will not be back in London so soon....  ", "time": " April 2019", "helpful_vote": 1, "polarity": -0.326, "keywords": "['breakfast', 'receptionist', 'lost', '45', 'london']", "matchKeywords": ["breakfast", "receptionist", "london"], "categories": ["food", "service", "loation_surroundings"], "userImg": "user-img.png"}, {"user_name": "BlackBear98292", "user_wrote_time": "Apr 2019", "contriNum": "12 contributions", "helpfulNum": "5 helpful votes", "currentRating": "4.0", "title": "GOOD HOTEL GREAT STAFF BUT SMALL ROOMS NO ELEVATOR ", "content": "Good staff very friendly the very small room but comfortable good bed. Kettle and coffee/tea in room only thing I could complain  about was the shower was small. Good location 2 block for tube. I would stay again.", "time": " March 2019", "helpful_vote": 1, "polarity": 0.531, "keywords": "['tea', 'bed', 'shower', 'comfortable', 'coffee']", "matchKeywords": ["tea", "bed", "shower", "comfortable", "coffee"], "categories": ["facility", "food", "emotional_descriptions"], "userImg": "user-img.png"}, {"user_name": "Departure57744262222", "user_wrote_time": "Mar 2019", "contriNum": "1 contribution", "helpfulNum": "1 helpful vote", "currentRating": "4.0", "title": "Αmazing staff", "content": "The staff was very friendly, kind and helpfull. The only disandvantage was that the room was't so clean as we were expected. They didn't change the towels, bed sheets, nor did they wipe the carpet,  the 4 days we stay there.", "time": " March 2019", "helpful_vote": 1, "polarity": -0.285, "keywords": "['towels', 'bed', 'carpet', 'clean', 'staff']", "matchKeywords": ["towels", "bed", "carpet", "clean", "staff"], "categories": ["facility", "emotional_descriptions", "service"], "userImg": "user-img.png"}, {"user_name": "mari0nita", "user_wrote_time": "Mar 2019", "contriNum": "9 contributions", "helpfulNum": "4 helpful votes", "currentRating": "3.0", "title": "Staying in the middle of London", "content": "+ We (party of 3) stayed in the Victor Hotel for 3 nights.  + We had a very quiet room.  + Beds were good.   - The price was extremely high (bad value for money) - Room wasn't really clean (dust on cupboards and behind sink), carpets... - There should be more spaces to hang up clothes, towels etc.  ", "time": " March 2019", "helpful_vote": 1, "polarity": -0.192, "keywords": "['hotel', 'carpets', 'beds', 'nights', 'party']", "matchKeywords": ["hotel", "carpets", "beds", "nights", "party"], "categories": ["facility", "time", "travelling_purpose"], "userImg": "user-img.png"}, {"user_name": "Lea Fliegner", "user_wrote_time": "Mar 2019", "contriNum": "3 contributions", "helpfulNum": "0", "currentRating": "4.0", "title": "Small but comfortable.", "content": "All in all our visit was good. I had a good time there. The staff is exceptionally friendly and helpful and helped me with many things you struggle with if you´re new in London.  The beds were very comfy - The window was a bit complicated to reach if you´re under 5'2\". We had the room at the very top (4th floor), facing the Belgrave road. Space could´ve been a bit hard to divide if you´re travelling with more than 2 suitcases since there´s almost no room for storage. My mother and I had to climb over our luggage a few times - but that´s fine!  In conclusion: I would definitely recommend it to other people who love the charm of an old English hotel.", "time": " March 2019", "helpful_vote": 0, "polarity": 0.476, "keywords": "['beds', 'hotel', 'london', 'comfy', 'suitcases']", "matchKeywords": ["beds", "hotel", "london", "comfy"], "categories": ["facility", "loation_surroundings", "emotional_descriptions"], "userImg": "user-img.png"}, {"user_name": "Odyssey545105", "user_wrote_time": "Mar 2019", "contriNum": "1 contribution", "helpfulNum": "0", "currentRating": "2.0", "title": "Not ready for business", "content": "We mostly dealed with the desk manager. All of them were very friendly and tried to resolve our complains but they can only do so much. The hotel does not provide hand towels. Who know why. Very inconvenient. The sink does not have a hot and cold water mixer. You cannot have the water temp you need. Also, it is impossible to lower your head to the sink to wash your face because there is not room for it. The carpet never looks clean and the cold air leaks through the windows. Every time we return to the room, we have this nasty sensation that we were really poor. And finally, the young lady in the dining room is incredible rude. ", "time": " March 2019", "helpful_vote": 0, "polarity": -0.834, "keywords": "['inconvenient', 'rude', 'towels', 'carpet', 'manager']", "matchKeywords": ["rude", "towels", "carpet", "manager"], "categories": ["facility", "emotional_descriptions", "service"], "userImg": "user-img.png"}, {"user_name": "Pamela H", "user_wrote_time": "Feb 2019", "contriNum": "1 contribution", "helpfulNum": "0", "currentRating": "4.0", "title": "reasonably priced good hotel", "content": "Nice hotel good location for public transport, found getting around very easy.Clean rooms, good service. Staff all friendly and helpful. would use again and recommend to friends and families wanting a short sight seeing trip to London.", "time": " February 2019", "helpful_vote": 0, "polarity": 0.996, "keywords": "['helpful', 'friendly', 'friends', 'clean', 'easy']", "matchKeywords": ["helpful", "friendly", "friends", "clean", "easy"], "categories": ["emotional_descriptions"], "userImg": "user-img.png"}, {"user_name": "Thomas S", "user_wrote_time": "Feb 2019", "contriNum": "1 contribution", "helpfulNum": "0", "currentRating": "3.0", "title": "Small but good enough", "content": "It's London, typical type of London's morden house, small room and bath room, no lift but good location (Victoria Stn.) and transportation by bus, good staff, siple breakfast. It's good for your short trip in London.", "time": " February 2019", "helpful_vote": 0, "polarity": 0.463, "keywords": "['london', 'breakfast', 'bus', 'bath', 'short']", "matchKeywords": ["london", "breakfast", "bus", "bath", "short"], "categories": ["facility", "loation_surroundings", "food", "emotional_descriptions"], "userImg": "user-img.png"}, {"user_name": "Trek00683913731", "user_wrote_time": "Feb 2019", "contriNum": "1 contribution", "helpfulNum": "0", "currentRating": "4.0", "title": "Lincoln Imp", "content": "A good standard hotel in a nice area and handy for Victoria Station.Staff friendly ,and the room,especially the bathroom of a higher than expected standard.The buffet breakfast was adequate,only lacking in the non appearance of orange marmalade.", "time": " February 2019", "helpful_vote": 0, "polarity": 0.961, "keywords": "['breakfast', 'buffet', 'hotel', 'bathroom', 'marmalade']", "matchKeywords": ["breakfast", "buffet", "hotel", "bathroom", "marmalade"], "categories": ["food", "facility"], "userImg": "user-img.png"}, {"user_name": "Christine B", "user_wrote_time": "Jan 2019", "contriNum": "16 contributions", "helpfulNum": "3 helpful votes", "currentRating": "3.0", "title": "Ok", "content": "The room was fine and quite. The bed wasnt good and I almost didnt sleep the whole trip. Breakfast very average, would like some more healthy choices and maby cut fruit for yoghurt. Staff was friendly and helpful. ", "time": " January 2019", "helpful_vote": 0, "polarity": -0.0, "keywords": "['breakfast', 'bed', 'sleep', 'healthy', 'fruit']", "matchKeywords": ["breakfast", "bed", "sleep"], "categories": ["food", "facility", "emotional_descriptions"], "userImg": "user-img.png"}, {"user_name": "CSLarsen", "user_wrote_time": "Jan 2019", "contriNum": "19 contributions", "helpfulNum": "20 helpful votes", "currentRating": "4.0", "title": "Good hotel, great location", "content": "Nice little hotel, clean rooms and good location. Close to Victoria Station and theaters. we had a room to the back of the hotel, very quiet. Breakfast is basic but okay for the price. Staff at the front desk very friendly and helpful.", "time": " January 2019", "helpful_vote": 1, "polarity": 0.473, "keywords": "['hotel', 'breakfast', 'desk', 'clean', 'friendly']", "matchKeywords": ["hotel", "breakfast", "desk", "clean", "friendly"], "categories": ["facility", "food", "emotional_descriptions"], "userImg": "user-img.png"}, {"user_name": "Voyage26796159311", "user_wrote_time": "Jan 2019", "contriNum": "1 contribution", "helpfulNum": "0", "currentRating": "4.0", "title": "Overall good hotel", "content": "Good central location, rooms were clean but a bit on the small side.  Staff were really friendly and helpful.  No lift so quite a few stairs to climb if you're on the top floor. Breakfast was basic but ok.", "time": " January 2019", "helpful_vote": 0, "polarity": -0.046, "keywords": "['breakfast', 'clean', 'helpful', 'small', 'friendly']", "matchKeywords": ["breakfast", "clean", "helpful", "small", "friendly"], "categories": ["emotional_descriptions", "food"], "userImg": "user-img.png"}, {"user_name": "Roving37567246363", "user_wrote_time": "Jan 2019", "contriNum": "1 contribution", "helpfulNum": "0", "currentRating": "5.0", "title": "Excelent hotel", "content": "Beautiful room and hotel. Amazing everything, like bed, bathroom and even the staff was very helpfull and nice. There are a lot of bars and supermarkets around the hotel. Victoria station is very close of the hotel.", "time": " January 2019", "helpful_vote": 0, "polarity": 0.537, "keywords": "['hotel', 'bathroom', 'beautiful', 'supermarkets', 'bed']", "matchKeywords": ["hotel", "bathroom", "beautiful", "supermarkets", "bed"], "categories": ["facility", "emotional_descriptions", "surrounding_environment"], "userImg": "user-img.png"}, {"user_name": "Voyager53798414161", "user_wrote_time": "Jan 2019", "contriNum": "1 contribution", "helpfulNum": "0", "currentRating": "3.0", "title": "Everything just fine", "content": "It simply fulfilled expectations. The room in general was very clean, that is the most important thing at the end. The hotel staff was very attentive. The only point negative: the room haven't mini fridge.", "time": " January 2019", "helpful_vote": 0, "polarity": 0.439, "keywords": "['clean', 'hotel', 'fulfilled', 'fridge', 'staff']", "matchKeywords": ["clean", "hotel", "fridge", "staff"], "categories": ["facility", "emotional_descriptions", "service"], "userImg": "user-img.png"}, {"user_name": "Shaohua C", "user_wrote_time": "Jan 2019", "contriNum": "1 contribution", "helpfulNum": "0", "currentRating": "4.0", "title": "Decent hotel at convenient location", "content": "Reasonable price, very friendly and helpful staff. Close to Victoria and Pimlico stations. Walkable to Buckingham palace and Westminster Abbey. Plenty of restaurants nearby. Older house though, so expect squeaky floors and tiny bathroom. Not much sound insulation from neighboring guests, so hopefully they are the quiet type. ", "time": " January 2019", "helpful_vote": 0, "polarity": 0.302, "keywords": "['restaurants', 'bathroom', 'walkable', 'pimlico', 'helpful']", "matchKeywords": ["restaurants", "bathroom", "pimlico", "helpful"], "categories": ["facility", "loation_surroundings", "emotional_descriptions"], "userImg": "user-img.png"}, {"user_name": "pambos c", "user_wrote_time": "Jan 2019", "contriNum": "101 contributions", "helpfulNum": "48 helpful votes", "currentRating": "3.0", "title": "Rooms need renovation. Not to clean. Location is top. Good stuff.", "content": "The hotel is on a perfect location indeed but the rooms need to be renovated and the need more cleanig for shure. The stuff is very smile and helpful. Hotel has potentials if the fix the rooms and clean them a little bit more.", "time": " January 2019", "helpful_vote": 0, "polarity": 0.229, "keywords": "['renovated', 'helpful', 'hotel', 'clean', 'rooms']", "matchKeywords": ["renovated", "helpful", "hotel", "clean", "rooms"], "categories": ["emotional_descriptions", "facility"], "userImg": "user-img.png"}, {"user_name": "Navigator62260233177", "user_wrote_time": "Jan 2019", "contriNum": "2 contributions", "helpfulNum": "1 helpful vote", "currentRating": "5.0", "title": "A MARVELLOUS EXPERIENCE", "content": " I made a reservation in this hotel last month for my son and I.I was very surprise by their hospitality. spacious room,  pleasant staff  and good services (breakfast...)bus station (bus 24), just in front of the hotel,  drive in central london, and victoria sation.I was so happy that I send them a package with gifts for the whole team.They should receive it  soon", "time": " December 2018", "helpful_vote": 1, "polarity": 0.981, "keywords": "['breakfast', 'hotel', 'gifts', 'hospitality', 'happy']", "matchKeywords": ["breakfast", "hotel", "hospitality", "happy"], "categories": ["food", "facility", "emotional_descriptions"], "userImg": "user-img.png"}, {"user_name": "Trek07944332845", "user_wrote_time": "Dec 2018", "contriNum": "1 contribution", "helpfulNum": "1 helpful vote", "currentRating": "5.0", "title": "Great experience", "content": "I was satisfied stayed in victor hotel. Cleanliness and location are great! Staffs are friendly and helpful. They also give free of charge for luggages deposit before we checked in and after we checkout.", "time": " December 2018", "helpful_vote": 1, "polarity": 0.763, "keywords": "['checkout', 'cleanliness', 'satisfied', 'hotel', 'helpful']", "matchKeywords": ["checkout", "cleanliness", "satisfied", "hotel", "helpful"], "categories": ["emotional_descriptions", "service", "facility"], "userImg": "user-img.png"}, {"user_name": "Maria", "user_wrote_time": "Dec 2018", "contriNum": "2 contributions", "helpfulNum": "1 helpful vote", "currentRating": "4.0", "title": "Good for price.", "content": "The room was in the basement with a window from which virtually no daylight appeared. The shower did not work properly. The bus station for the city center is just in front of the holtel. The staff was friendly and helpfull.", "time": " December 2018", "helpful_vote": 1, "polarity": -0.422, "keywords": "['basement', 'shower', 'bus', 'daylight', 'room']", "matchKeywords": ["basement", "shower", "bus", "room"], "categories": ["facility"], "userImg": "user-img.png"}, {"user_name": "Trip530234", "user_wrote_time": "Dec 2018", "contriNum": "1 helpful vote", "helpfulNum": "0", "currentRating": "4.0", "title": "Convenient for one night stay", "content": "As an overall the hotel was convenient in terms of cleanliness, wifi, location and proximity to public transport, the things I didn't like was that the room walls are too thin, I could practically hear all the next room conversations, which was disturbing!! And that my room was on the 4th floor with no elevator !", "time": " December 2018", "helpful_vote": 1, "polarity": -0.927, "keywords": "['wifi', 'elevator', 'cleanliness', 'hotel', 'convenient']", "matchKeywords": ["wifi", "elevator", "cleanliness", "hotel", "convenient"], "categories": ["facility", "emotional_descriptions"], "userImg": "user-img.png"}, {"user_name": "Angela B", "user_wrote_time": "Dec 2018", "contriNum": "1 helpful vote", "helpfulNum": "0", "currentRating": "2.0", "title": "Disappointed", "content": "Traffic from the main road extremely noisy unable to sleep even though I was very tired. Bed was too soft and whilst the room was clean and tidy was very small. Not what I thought it would be disappointed", "time": " December 2018", "helpful_vote": 1, "polarity": -0.855, "keywords": "['tired', 'sleep', 'traffic', 'noisy', 'disappointed']", "matchKeywords": ["tired", "sleep", "traffic", "noisy", "disappointed"], "categories": ["emotional_descriptions", "facility"], "userImg": "user-img.png"}, {"user_name": "Curiosity15238188277", "user_wrote_time": "Dec 2018", "contriNum": "1 contribution", "helpfulNum": "0", "currentRating": "4.0", "title": "Very good", "content": "The room was clean, the staff was very kind and helpful! Just breakfast was poor for those who eat sweet breakfast! For those who eat salad breakfast is very good!  One of the staff also speaks italian! So, very good hotel! ", "time": " November 2018", "helpful_vote": 0, "polarity": 0.514, "keywords": "['salad', 'breakfast', 'italian', 'clean', 'helpful']", "matchKeywords": ["breakfast", "clean", "helpful"], "categories": ["food", "emotional_descriptions"], "userImg": "user-img.png"}, {"user_name": "Visi J", "user_wrote_time": "Dec 2018", "contriNum": "2 contributions", "helpfulNum": "1 helpful vote", "currentRating": "1.0", "title": "Poor housekeeping", "content": "On Monday, 3rd of December my uncle and auntie came to London for a week. The first night they saw a big dark stain on the sheet, because they do not speak good english, they decided leave it thinking linen will be change soon. On Thursday, the same linen was there. In four days linen have not been changed. When they removed all linen to do the bed properly, other old brown stains were in that linen. They went to the recepcionist to rise this incident and she was in shock about the embarrased situation. She trie her best to comunicate with my uncle and auntie, In spite of lack communication. This receptcionist was agree to refund the money. But my uncle embarrased and in shock, and because he is feeling very uncomfortable with this situations said no. My auntie contacted myself", "time": " December 2018", "helpful_vote": 0, "polarity": -0.402, "keywords": "['thursday', 'monday', 'auntie', 'december', 'uncle']", "matchKeywords": ["monday", "december"], "categories": ["time"], "userImg": "user-img.png"}, {"user_name": "Abbie D", "user_wrote_time": "Nov 2018", "contriNum": "3 contributions", "helpfulNum": "1 helpful vote", "currentRating": "3.0", "title": "Hotel noisy", "content": "Hotel nice and clean, in a good location. Staff are friendly and they speak English. There is a underground station about 5 mins away and a bus stop across the road. Just very noisy, which is difficult if you are a light sleeper.", "time": " November 2018", "helpful_vote": 1, "polarity": 0.02, "keywords": "['noisy', 'english', 'clean', 'hotel', 'light']", "matchKeywords": ["noisy", "clean", "hotel"], "categories": ["emotional_descriptions", "facility"], "userImg": "user-img.png"}, {"user_name": "Venture00997645554", "user_wrote_time": "Nov 2018", "contriNum": "1 contribution", "helpfulNum": "1 helpful vote", "currentRating": "4.0", "title": "Happy but not over the top experience", "content": "No elevators... be careful going up and down stairs.  The room was small but adequate for our needs.  The fan and space heater could be used to cool or heat the room as necessary.  The bathroom was very clean and easy to use,", "time": " November 2018", "helpful_vote": 1, "polarity": -0.015, "keywords": "['bathroom', 'clean', 'elevators', 'easy', 'heater']", "matchKeywords": ["bathroom", "clean", "elevators", "easy"], "categories": ["facility", "emotional_descriptions"], "userImg": "user-img.png"}, {"user_name": "Culture46907484257", "user_wrote_time": "Nov 2018", "contriNum": "1 helpful vote", "helpfulNum": "0", "currentRating": "3.0", "title": "Victor Hotel can be recommended for short business trips and also vacations", "content": "Victor Hotel in Belgrave Road is a good place to stay for a couple of days in London at a reasonnable price. The staff is very friendly and all Hotel facilities are enough for a pleasant stay.I would go there again.", "time": " November 2018", "helpful_vote": 1, "polarity": 0.994, "keywords": "['hotel', 'pleasant', 'friendly', 'london', 'couple']", "matchKeywords": ["hotel", "pleasant", "friendly", "london"], "categories": ["emotional_descriptions", "facility", "loation_surroundings"], "userImg": "user-img.png"}, {"user_name": "Barry Shackleton", "user_wrote_time": "Nov 2018", "contriNum": "6 contributions", "helpfulNum": "2 helpful votes", "currentRating": "4.0", "title": "Victor hotel", "content": "Bed was small as well as room but we are used to larger and bigger.  Shower extremely small and uncomfortable. Staff were awesome.  Will recommend the hotel and if arises will return to use again.  Booking.com need to rectify add re breakfast included.  Continental breakfast was extremely good.", "time": " November 2018", "helpful_vote": 1, "polarity": 0.051, "keywords": "['breakfast', 'shower', 'bed', 'hotel', 'uncomfortable']", "matchKeywords": ["breakfast", "shower", "bed", "hotel", "uncomfortable"], "categories": ["facility", "food", "emotional_descriptions"], "userImg": "user-img.png"}, {"user_name": "Departure35967883076", "user_wrote_time": "Nov 2018", "contriNum": "1 contribution", "helpfulNum": "1 helpful vote", "currentRating": "2.0", "title": "Don't plan to ever stay here again", "content": "The entire breakfast selection managed to fit on two small tables. Orange juice and orange squash are not the same thing, so why label the orange squash as such.No elevator in the building.The internet requires you to submit a form before it's available on your device, which I don't mind however the form never appears on my laptop. The form just asks to set a username and password without requiring any other information, so I don't see the point of it blocking my access to internet in the first place.", "time": " November 2018", "helpful_vote": 1, "polarity": -0.909, "keywords": "['squash', 'breakfast', 'password', 'juice', 'internet']", "matchKeywords": ["breakfast", "juice", "internet"], "categories": ["food", "facility"], "userImg": "user-img.png"}, {"user_name": "Cruiser62594606359", "user_wrote_time": "Nov 2018", "contriNum": "1 contribution", "helpfulNum": "1 helpful vote", "currentRating": "5.0", "title": "perfect for your city trip", "content": "The staff was incredibly nice, we had a fantastic stay at the hotel. it is not luxurious, but it's comfortable and cozy. Room were clean, shower was really good and the beds were really comfy. we had a great stay and we will come back.", "time": " November 2018", "helpful_vote": 1, "polarity": 0.987, "keywords": "['luxurious', 'hotel', 'comfy', 'cozy', 'comfortable']", "matchKeywords": ["luxurious", "hotel", "comfy", "cozy", "comfortable"], "categories": ["emotional_descriptions", "facility"], "userImg": "user-img.png"}, {"user_name": "885johndavidson", "user_wrote_time": "Nov 2018", "contriNum": "1 contribution", "helpfulNum": "1 helpful vote", "currentRating": "4.0", "title": "Victor Hotel, Victoria London", "content": "Friendly staff and very clean entrance and not too far from tube station.Would suggest you avoid a room at the very top as there are three floors to climb.  Continental breakfast only [but did include a boiled egg], however no full breakfast on offer ", "time": " November 2018", "helpful_vote": 1, "polarity": -0.353, "keywords": "['breakfast', 'boiled', 'egg', 'continental', 'floors']", "matchKeywords": ["breakfast"], "categories": ["food"], "userImg": "user-img.png"}, {"user_name": "Compass68383953178", "user_wrote_time": "Nov 2018", "contriNum": "1 contribution", "helpfulNum": "1 helpful vote", "currentRating": "2.0", "title": "Noise sensitive people beware", "content": "I stayed in two rooms over two nights, both of them were very noisy. In the first one I could hear what was going on in the street like I was sleeping outside, in the second room where the staff put me after complaining there was a constant noise coming from some kind of motor above the room. So in two nights I must have slept only a few hours...", "time": " November 2018", "helpful_vote": 1, "polarity": -0.919, "keywords": "['slept', 'sleeping', 'nights', 'hours', 'noisy']", "matchKeywords": ["slept", "sleeping", "nights", "hours", "noisy"], "categories": ["emotional_descriptions", "time"], "userImg": "user-img.png"}, {"user_name": "Ovidio Carlos M", "user_wrote_time": "Nov 2018", "contriNum": "23 contributions", "helpfulNum": "1 helpful vote", "currentRating": "4.0", "title": "Good option", "content": "Nice, well located, bus stop in front of the hotel, Pimlico metro station 200 m from the hotel, nice italian restaurant in the same block. The front desk staff is very friendly, they offer you umbrelas for the rainy days. Breakfast is available for 7.5 pounds, 6.0 if you pay for it the day before.", "time": " October 2018", "helpful_vote": 1, "polarity": 0.317, "keywords": "['breakfast', 'restaurant', 'italian', 'pimlico', 'hotel']", "matchKeywords": ["breakfast", "restaurant", "pimlico", "hotel"], "categories": ["facility", "food", "loation_surroundings"], "userImg": "user-img.png"}, {"user_name": "Extraordinary812648", "user_wrote_time": "Oct 2018", "contriNum": "2 contributions", "helpfulNum": "1 helpful vote", "currentRating": "4.0", "title": "Great hotel in a very convenient location", "content": "This hotel was spotlessly clean and the staff couldn't have been more friendly or helpful.  The bus into central London stopped directly opposite the hotel and went directly to the City centre.  We will definitely stay here again on our next trip to London", "time": " October 2018", "helpful_vote": 1, "polarity": 0.819, "keywords": "['hotel', 'london', 'bus', 'city', 'spotlessly']", "matchKeywords": ["hotel", "london", "bus", "city"], "categories": ["facility", "loation_surroundings", "surrounding_environment"], "userImg": "user-img.png"}, {"user_name": "Jp388", "user_wrote_time": "Oct 2018", "contriNum": "7 contributions", "helpfulNum": "1 helpful vote", "currentRating": "5.0", "title": "Good service", "content": "Services are excellent. Staff are helpful and sincere. Breakfast had many choice and yummy. Location is close to station, around 15 minutes walk to main station -  Victoria Station, where most local tour start there. And 5 minutes to Pimlico Station and a few minutes more to walk to the riverside.", "time": " October 2018", "helpful_vote": 1, "polarity": 0.708, "keywords": "['breakfast', 'pimlico', 'minutes', 'helpful', 'yummy']", "matchKeywords": ["breakfast", "pimlico", "minutes", "helpful"], "categories": ["food", "loation_surroundings", "service", "emotional_descriptions"], "userImg": "user-img.png"}, {"user_name": "Clari T", "user_wrote_time": "Oct 2018", "contriNum": "37 contributions", "helpfulNum": "9 helpful votes", "currentRating": "3.0", "title": "Average with good location ", "content": "At first we were very disappointed - a basement room next to a noisy kitchen, garbage stored out our window, dirty carpet, damaged sink and leaking shower. We complained and were given a much better room upstairs where all was good. The area is close to Victoria Station and pimlico station. There’s also a bus to the tube if you prefer. Lots of shops on way to tube. The staff are very friendly and helpful. Let us leave our luggage before check in. In an area filled with similar small hotels. Felt safe. ", "time": " October 2018", "helpful_vote": 1, "polarity": -0.273, "keywords": "['kitchen', 'shower', 'basement', 'carpet', 'upstairs']", "matchKeywords": ["kitchen", "shower", "basement", "carpet"], "categories": ["facility"], "userImg": "user-img.png"}, {"user_name": "Tamara682018", "user_wrote_time": "Oct 2018", "contriNum": "1 contribution", "helpfulNum": "1 helpful vote", "currentRating": "3.0", "title": "Basic hotel", "content": "Basic hotel, very comfortable beds. Staff is extremely helpful & friendly. But a lot of noise (old house) and napkins in the breakfast room were not replaced. Price/quality ratio could be better. Interesting location in the heart of London, near metro/railway.", "time": " October 2018", "helpful_vote": 1, "polarity": 0.21, "keywords": "['hotel', 'breakfast', 'comfortable', 'beds', 'napkins']", "matchKeywords": ["hotel", "breakfast", "comfortable", "beds"], "categories": ["facility", "food", "emotional_descriptions"], "userImg": "user-img.png"}, {"user_name": "Keith A", "user_wrote_time": "Oct 2018", "contriNum": "2 contributions", "helpfulNum": "3 helpful votes", "currentRating": "4.0", "title": "Great for weekend or turn around", "content": "We stayed for two nights before flying back to Canada, staff were friendly and helpful and went our of their way to help. Room is small and dated and foot noise from upstairs transferes into the room bring ear plugs if you are a light sleeper. Room area and bathroom were clean, shower had adjustable shower head and pressure was ok.  Internet access takes a vit of work staff were helpful.   overall very good. ", "time": " October 2018", "helpful_vote": 1, "polarity": 0.298, "keywords": "['canada', 'bathroom', 'internet', 'shower', 'staff']", "matchKeywords": ["bathroom", "internet", "shower", "staff"], "categories": ["facility", "service"], "userImg": "user-img.png"}, {"user_name": "lesleyhay77", "user_wrote_time": "Sep 2018", "contriNum": "20 contributions", "helpfulNum": "8 helpful votes", "currentRating": "2.0", "title": "london visit", "content": "we stayed at the victor hotel for two nights and it was the smallest and hottest hotel ive ever stayed in. The room was smaller than a box room and my husband and I felt like sardines squashed into a space. The hotel was to hot with fans on everywhere even the receptionist had one at his feet. The dining room was tiny with only five tables in it and when a whole group of French guests came down for breakfast it was full within five mins with people having to wait for a table.The positives were that the location to the train and bus stations was great and we couldn't fault the staff esp the two male receptionists who were brilliant and their customer service was excellent.  I  know it is in London but we just felt the hotel was so small and to stuffy to enjoy and its a shame", "time": " September 2018", "helpful_vote": 1, "polarity": -0.072, "keywords": "['breakfast', 'hotel', 'receptionists', 'hottest', 'dining']", "matchKeywords": ["breakfast", "hotel", "receptionists", "dining"], "categories": ["food", "facility", "service"], "userImg": "user-img.png"}, {"user_name": "AAJ75", "user_wrote_time": "Aug 2018", "contriNum": "15 contributions", "helpfulNum": "7 helpful votes", "currentRating": "4.0", "title": "A good hotel, but missing a lift", "content": "The room was ok, although on the small side. Shower and toilet were clean and working ok. The hotel is on a rather quiet and peaceful area. There were a lot of stairs. My room was on the 5th floor and there is no lift. You have to drag your luggage up there by yourself. I wouldn’t recommend this place to anyone with back problems.", "time": " August 2018", "helpful_vote": 2, "polarity": -0.305, "keywords": "['toilet', 'shower', 'floor', 'peaceful', 'quiet']", "matchKeywords": ["toilet", "shower", "floor", "quiet"], "categories": ["facility", "emotional_descriptions"], "userImg": "user-img.png"}, {"user_name": "MilagrosBosa", "user_wrote_time": "Aug 2018", "contriNum": "1 helpful vote", "helpfulNum": "0", "currentRating": "4.0", "title": "Would recomend it.", "content": "The rooms in the basement are not that good, they are hot and not much privacy, but rooms in upper floors are ok, though there is no lift.The staff is very helpful and friendly and the hotel is very well located.In the whole, I would recomend it.", "time": " August 2018", "helpful_vote": 1, "polarity": 0.869, "keywords": "['hotel', 'basement', 'privacy', 'floors', 'rooms']", "matchKeywords": ["hotel", "basement", "rooms"], "categories": ["facility"], "userImg": "user-img.png"}, {"user_name": "jena5771", "user_wrote_time": "Aug 2018", "contriNum": "35 contributions", "helpfulNum": "64 helpful votes", "currentRating": "5.0", "title": "Nice Hotel in London", "content": "Me and my family stay in London for Holiday for one week in Victor Hotel. The staff was very polite, kind and helpful. The comfort in bedroom was excellent and also breakfast in the morning.I recommend the structure for a comfortable visit to London also given the tranquility of the area.We were very near to City Centre & Victoria Station", "time": " August 2018", "helpful_vote": 2, "polarity": 0.778, "keywords": "['breakfast', 'holiday', 'hotel', 'morning', 'tranquility']", "matchKeywords": ["breakfast", "holiday", "hotel", "morning"], "categories": ["time", "food", "facility"], "userImg": "user-img.png"}, {"user_name": "AllyM48", "user_wrote_time": "Aug 2018", "contriNum": "6 contributions", "helpfulNum": "2 helpful votes", "currentRating": "5.0", "title": "A little gem of a find!", "content": "This hotel was excellent value for money and I wouldn't hesitate to recommend it to someone who is looking for an inexpensive hotel in a reasonably central area of London. 10 minutes walk from Victoria Station with several restaurants, bars, coffee shops and supermarkets in the immediate vicinity. The staff were extremely helpful and welcoming and we left our luggage for hours before checking in and hours after checking out.The hotel and room were spotlessly clean and the bed was very comfortable. the ensuite wc and shower room were also spotless and a reasonable size.Breakfast was a good selection of cereal, fruit, yoghurts, cold meats and cheese with baguette bread or sliced bread for toasting. Coffee was nice and strong :D All in all, a very pleasurable experience!", "time": " August 2018", "helpful_vote": 1, "polarity": 0.808, "keywords": "['breakfast', 'supermarkets', 'restaurants', 'coffee', 'hotel']", "matchKeywords": ["breakfast", "supermarkets", "restaurants", "coffee", "hotel"], "categories": ["food", "facility", "surrounding_environment"], "userImg": "user-img.png"}, {"user_name": "Милена П", "user_wrote_time": "Aug 2018", "contriNum": "6 contributions", "helpfulNum": "1 helpful vote", "currentRating": "5.0", "title": "Nice hotel", "content": "This hotel is one of the best I stayed in London. Staff are very helpfull and supportive. I arrived before 2 a.m.and left my suitcase.Room was clean and tidy ,there were all amenities.The location of hotel is perfect It  doesn't matter you are on business or for pleasure.", "time": " August 2018", "helpful_vote": 0, "polarity": 0.795, "keywords": "['hotel', 'clean', 'london', 'perfect', 'tidy']", "matchKeywords": ["hotel", "clean", "london", "perfect", "tidy"], "categories": ["emotional_descriptions", "facility", "loation_surroundings"], "userImg": "user-img.png"}, {"user_name": "myfrown", "user_wrote_time": "Aug 2018", "contriNum": "1 contribution", "helpfulNum": "1 helpful vote", "currentRating": "5.0", "title": "London Trip", "content": "Close to Buckingham Palace, Westminster Abbey, Big Ben, Westminster Pier. 10 to 15 minute walk. Shops and Supermarket Waitrose near by. Pubs and Restaurant around the place. Victoria Station on hand for making trips to Windsor by train. Off-peak trip from 9.30 and back for just 24 pounds.   ", "time": " August 2018", "helpful_vote": 1, "polarity": 0.171, "keywords": "['supermarket', 'train', 'buckingham', 'waitrose', 'shops']", "matchKeywords": ["supermarket", "train", "buckingham", "waitrose", "shops"], "categories": ["surrounding_environment", "loation_surroundings"], "userImg": "user-img.png"}, {"user_name": "Kezz L", "user_wrote_time": "Aug 2018", "contriNum": "105 contributions", "helpfulNum": "45 helpful votes", "currentRating": "5.0", "title": "ABSOLUTELY FANTASTIC", "content": "Absolutely Fantastic came here with my son  Great Location  Staff are fantastic, warm ,welcoming, couldn’t do enough , rooms spotless, beds comfortable, breakfast is lovely, kitchen staff are so lovely, the lady on reception is one of the nicest people I’ve met in a long time , The 2 gentleman at reception are also very freindly and attentive, makes sure everything is ok , this hotel and staff were amazing,and I will definitely return , honestly I can’t speak anymore highly , well worth the money  Thank you so much for a lovely stay , we will definitely be returning", "time": " August 2018", "helpful_vote": 0, "polarity": 0.998, "keywords": "['nicest', 'warm', 'breakfast', 'welcoming', 'amazing']", "matchKeywords": ["warm", "breakfast", "welcoming", "amazing"], "categories": ["emotional_descriptions", "food"], "userImg": "user-img.png"}, {"user_name": "Karen R", "user_wrote_time": "Jul 2018", "contriNum": "2 contributions", "helpfulNum": "2 helpful votes", "currentRating": "3.0", "title": "Nice but need AC", "content": "Rooms are ok for how expensive they were all around the area but need more security, I went out for the and they make you leave the key at the front desk when you leave, well when I got back there was a gentleman at the reception and all I said was room 2 and he gave me the room key without verifying who I was. rooms need AC, fan is not sufficient.", "time": " July 2018", "helpful_vote": 0, "polarity": -0.947, "keywords": "['expensive', 'security', 'desk', 'rooms', 'gentleman']", "matchKeywords": ["expensive", "security", "desk", "rooms"], "categories": ["emotional_descriptions", "facility"], "userImg": "user-img.png"}, {"user_name": "thehutchinsons4", "user_wrote_time": "Jul 2018", "contriNum": "1 contribution", "helpfulNum": "0", "currentRating": "5.0", "title": "Great visit to London", "content": "Wonderful hotel,very helpful, friendly staff, fantastic location close to restaurants, buses and tube station. Rooms were very clean and tidy we will definitely recommend the hotel to family and friends.", "time": " July 2018", "helpful_vote": 0, "polarity": 0.999, "keywords": "['hotel', 'clean', 'helpful', 'friendly', 'friends']", "matchKeywords": ["hotel", "clean", "helpful", "friendly", "friends"], "categories": ["emotional_descriptions", "facility"], "userImg": "user-img.png"}, {"user_name": "890jodier", "user_wrote_time": "Jul 2018", "contriNum": "1 contribution", "helpfulNum": "0", "currentRating": "5.0", "title": "Excellent value", "content": "Great service and friendly staff. The room was super clean and the breakfast excellent! Highly recommend and we will definitely be back! There is no a/c but that is normal for London. I requested a fan and it was great. ", "time": " July 2018", "helpful_vote": 0, "polarity": 0.761, "keywords": "['breakfast', 'clean', 'normal', 'friendly', 'fan']", "matchKeywords": ["breakfast", "clean", "friendly"], "categories": ["emotional_descriptions", "food"], "userImg": "user-img.png"}, {"user_name": "marionmcnulty", "user_wrote_time": "Jul 2018", "contriNum": "2 contributions", "helpfulNum": "0", "currentRating": "4.0", "title": "Visiting London to See Family and attend Paul Simon concert in Hyde Park", "content": "The Hotel is not too far from Victoria coach and train station. The rooms are quite small my sister and I had a twin room which was fine at the top of the hotel, we were apprehensive about staying as some reviews on Trip Advisor less than complementary. It was fine, small room, clean and functional. We had breakfast which was totally pleasant and plenty to eat quite varied. All the staff at the hotel were incredibly helpful, in particular Jago, and everyone is good natured and welcoming. I would certainly stay again. A hotel is a place to come back to and it was fine and in a safe area with welcoming staff.", "time": " July 2018", "helpful_vote": 0, "polarity": 0.753, "keywords": "['breakfast', 'sister', 'hotel', 'eat', 'welcoming']", "matchKeywords": ["breakfast", "sister", "hotel", "eat", "welcoming"], "categories": ["food", "companion", "facility", "emotional_descriptions"], "userImg": "user-img.png"}, {"user_name": "Joseph7585", "user_wrote_time": "Jul 2018", "contriNum": "1 contribution", "helpfulNum": "0", "currentRating": "1.0", "title": "Worst room ever", "content": "I booked this hotel for a two days trip in London - Jul 6 to 8, and it was by far the most terrible experience i have ever had in a hotel room. Underground floor with NO AC, just a lousy fan that didn't make any difference at all. The room was hot as hell, with no flowing air, no real windows, felt suffocated, and even though i was born and raise in a tropical country with high temperatures never felt this way before... I slept 2 hours only, the next day i checked out and booked in another hotel.  For the price i paid for the room i was definitely expecting something much better.", "time": " July 2018", "helpful_vote": 0, "polarity": -0.982, "keywords": "['lousy', 'terrible', 'slept', 'suffocated', 'london']", "matchKeywords": ["terrible", "slept", "london"], "categories": ["emotional_descriptions", "loation_surroundings"], "userImg": "user-img.png"}, {"user_name": "sergeymalikov", "user_wrote_time": "Jul 2018", "contriNum": "1 contribution", "helpfulNum": "0", "currentRating": "5.0", "title": "Everything was perfect!", "content": "Many thanks to hotel staff. I spent here 8 nights with my wife and have no reason to complain. Well situated hotel (easy to reach main London sightseen, underground and railway), friendly staff, clean and comfortable room. ", "time": " July 2018", "helpful_vote": 0, "polarity": 0.629, "keywords": "['hotel', 'wife', 'nights', 'comfortable', 'london']", "matchKeywords": ["hotel", "wife", "nights", "comfortable", "london"], "categories": ["facility", "companion", "time", "emotional_descriptions", "loation_surroundings"], "userImg": "user-img.png"}, {"user_name": "A3003LQcarolb", "user_wrote_time": "Jun 2018", "contriNum": "8 contributions", "helpfulNum": "4 helpful votes", "currentRating": "2.0", "title": "This is a small hotel with small rooms, 5 stories and no elevator.", "content": "One room was on the first floor, behind the office, facing the street. The other room was on the 5th floor, no elevators, and no baggage assistance.  The electrical outlets in our room went out on day 2 and they were unable to fix the problem as the wire inside the wall had broken. That left 1 single outlet for two people to use, charging phones, cameras,and a CPAP that needed to have a 6 foot extension cord to be usable.  Old fashioned keys must be left at the hotel desk when leaving, and the desk is often unmanned for 10 minutes or more, as there are very few employees at this hotel.  There is no air conditioning at this hotel, windows open, but there are no creens.", "time": " May 2018", "helpful_vote": 0, "polarity": -0.691, "keywords": "['elevators', 'unmanned', 'desk', 'office', 'broken']", "matchKeywords": ["elevators", "desk", "office"], "categories": ["facility"], "userImg": "user-img.png"}, {"user_name": "steveF633RD", "user_wrote_time": "Jun 2018", "contriNum": "2 contributions", "helpfulNum": "0", "currentRating": "3.0", "title": "Breakfast times are bad for business (guests)", "content": "Hotel is fine, clean, but very basic.  The quality of breakfast is fine.  The big downside to this hotel is that you cannot eat breakfast until 7.30am which is too late for most business guests. I had to be at work for 8.am which gave me no time for the breakfast i paid for.  Not what I would expect from a hotel in a commercial and business district.", "time": " June 2018", "helpful_vote": 0, "polarity": -0.329, "keywords": "['breakfast', 'late', '30am', 'hotel', 'business']", "matchKeywords": ["breakfast", "late", "hotel", "business"], "categories": ["food", "emotional_descriptions", "facility", "travelling_purpose"], "userImg": "user-img.png"}, {"user_name": "Antonio B", "user_wrote_time": "Jun 2018", "contriNum": "1 contribution", "helpfulNum": "0", "currentRating": "3.0", "title": "Great location", "content": "Staff is very kind and helpful. Hotel is quite small so are rooms. We didn't spent too much time in the room so we didn't care. Room and hotel is clean. Furniture is really old. Only thing we didn't like is poor sound isolation. You can easily hear neighbours talking, walking...  ", "time": " June 2018", "helpful_vote": 0, "polarity": -0.07, "keywords": "['old', 'helpful', 'clean', 'staff', 'hotel']", "matchKeywords": ["old", "helpful", "clean", "staff", "hotel"], "categories": ["emotional_descriptions", "service", "facility"], "userImg": "user-img.png"}, {"user_name": "normankerr56", "user_wrote_time": "May 2018", "contriNum": "1 contribution", "helpfulNum": "1 helpful vote", "currentRating": "4.0", "title": "A good hotel for a break in London", "content": "The hotel is in our favourite location and is handily placed for buses and tube. A good are with good local amenities and good access to the main attractions and only a short bus journey from the main London sights. Victoria station is within walking distance and we just love the area. The hotel staff we very welcoming and friendly and looked after us very well. We would certainly return to stay in this hotel without hesitation. I have marked it down one star as the cost in my opinion was high, even although we booked at reasonably short notice, but the hotel itself was very good!", "time": " May 2018", "helpful_vote": 0, "polarity": 0.963, "keywords": "['hotel', 'favourite', 'love', 'london', 'bus']", "matchKeywords": ["hotel", "favourite", "love", "london", "bus"], "categories": ["emotional_descriptions", "facility", "loation_surroundings"], "userImg": "user-img.png"}, {"user_name": "Julie W", "user_wrote_time": "May 2018", "contriNum": "16 contributions", "helpfulNum": "3 helpful votes", "currentRating": "3.0", "title": "Victor hotel", "content": "Room clean and compact. Reception very helpful when we needed to use ironing board and iron. Breakfast was adequate with a varied choice. Shower adequate. There is no lift in hotel. A lot of stairs if you are on top floor ", "time": " May 2018", "helpful_vote": 0, "polarity": 0.53, "keywords": "['breakfast', 'shower', 'ironing', 'clean', 'compact']", "matchKeywords": ["breakfast", "shower", "clean", "compact"], "categories": ["food", "facility", "emotional_descriptions"], "userImg": "user-img.png"}, {"user_name": "nadine734", "user_wrote_time": "Apr 2018", "contriNum": "115 contributions", "helpfulNum": "28 helpful votes", "currentRating": "4.0", "title": "Pleasant place and people", "content": "Convenient place near Victoria station and next to Pimlico underground. Great staff at the reception and for breakfast. The room is  very clean and clear. Everything seems easy. Breakfast is a good continental buffet with  good products. Thanks to the lady at the reception who climbed the stairs because we couldn't open the door.  A very pleasant stat!", "time": " April 2018", "helpful_vote": 0, "polarity": 0.75, "keywords": "['breakfast', 'buffet', 'pimlico', 'clean', 'continental']", "matchKeywords": ["breakfast", "buffet", "pimlico", "clean"], "categories": ["food", "loation_surroundings", "emotional_descriptions"], "userImg": "user-img.png"}, {"user_name": "Lynne M", "user_wrote_time": "Apr 2018", "contriNum": "21 contributions", "helpfulNum": "10 helpful votes", "currentRating": "5.0", "title": "Great little hotel", "content": "Loved our time there. All the staff were exceptional, so helpful at front desk at all times. Breakfast simple but adequate. Our room was small but clean, very quiet. The No 24 bus at the door was a real plus. ", "time": " April 2018", "helpful_vote": 0, "polarity": 0.684, "keywords": "['breakfast', 'clean', 'desk', 'simple', 'loved']", "matchKeywords": ["breakfast", "clean", "desk", "simple", "loved"], "categories": ["emotional_descriptions", "food", "facility"], "userImg": "user-img.png"}, {"user_name": "Chris H", "user_wrote_time": "Apr 2018", "contriNum": "35 contributions", "helpfulNum": "14 helpful votes", "currentRating": "4.0", "title": "Well located and super friendly West-End hotel", "content": "Booked the Victor Hotel in conjunction with seeing a West-End show. The location is pretty much equidistant between Victoria and Pimlico. The staff are so welcoming and helpful. The rooms aren’t super sized but ample for a stay in ‘Town’ in a traditional Georgian style building. There’s some road noise, but actually it’s pretty quiet by London standards. Was better value and more personal than staying with a national chain. Very happy to return.", "time": " April 2018", "helpful_vote": 0, "polarity": 0.356, "keywords": "['hotel', 'pimlico', 'happy', 'london', 'helpful']", "matchKeywords": ["hotel", "pimlico", "happy", "london", "helpful"], "categories": ["loation_surroundings", "facility", "emotional_descriptions"], "userImg": "user-img.png"}, {"user_name": "Mave123", "user_wrote_time": "Mar 2018", "contriNum": "9 contributions", "helpfulNum": "1 helpful vote", "currentRating": "5.0", "title": "Just want you need in London", "content": "I have been a visitor to London for many years, on business and pleasure.  I have come to the firm conclusion that most hotels in London charge a huge premium merely for a nice lobby, a fancy name or location, or something else that doesn't exactly shout value for money.  I love this hotel, because it provides a clean room, a bed, hot water, a towel, and tea-making facilities.... and a 7-8 minute walk to the the tube.  That makes if more convenient for the West End and City than the Mandarin, Knightsbridge.  This hotel provides what you need, without the fluff, and at a great price.  The reception staff are professional, efficient and friendly.  There is even a great pub within staggering distance (the Cask Pub), which is nothing to look at from the outside but has a first-class", "time": " March 2018", "helpful_vote": 0, "polarity": 0.431, "keywords": "['hotel', 'hotels', 'tea', 'london', 'lobby']", "matchKeywords": ["hotel", "hotels", "tea", "london", "lobby"], "categories": ["facility", "food", "loation_surroundings"], "userImg": "user-img.png"}, {"user_name": "burrcat", "user_wrote_time": "Mar 2018", "contriNum": "31 contributions", "helpfulNum": "14 helpful votes", "currentRating": "5.0", "title": "wedding in england", "content": "My wife and i traveled from US to England for my son's wedding in Oxford but before the wedding we decided to stay in London for 5 days, see more of London and take day trips. Our trip got off to perfect start when we stayed the  Victor Hottel London Victoria. First of all the location was great. A quick walk to Victoria station for either the tube or the train for our day trip. The neighborhood was clean, safe with coffee shops, flower shops, etc. But I can't say enough about the staff at Hotel Victoria. We had a minor snafu our first night. The staff not only responded quickly but treated us so politely and professionally that amazed and surprised us. When we return to London in the future we will absolutely return to the Hotel Victoria", "time": " March 2018", "helpful_vote": 0, "polarity": 0.362, "keywords": "['wedding', 'wife', 'london', 'oxford', 'coffee']", "matchKeywords": ["wedding", "wife", "london", "coffee"], "categories": ["travelling_purpose", "companion", "loation_surroundings", "food"], "userImg": "user-img.png"}, {"user_name": "Gareth G", "user_wrote_time": "Mar 2018", "contriNum": "2 contributions", "helpfulNum": "0", "currentRating": "3.0", "title": "London Trip", "content": "The hotel is situated in one of the many five story townhouses I love and that can be found in abundance around London so I was hoping for something nice however although my room was clean, had great wifi access and the staff were very friendly and helpful the room was very basic and the bed and pillows not comfortable at all (although that could just be me)! I did not eat in the hotel and chose to go to a local restaurant instead which you will find plenty of in the area. My room was on the top floor with no lift access which was fine for me but might not be for everyone.", "time": " March 2018", "helpful_vote": 0, "polarity": -0.612, "keywords": "['townhouses', 'restaurant', 'hotel', 'wifi', 'bed']", "matchKeywords": ["restaurant", "hotel", "wifi", "bed"], "categories": ["facility"], "userImg": "user-img.png"}, {"user_name": "Coppington", "user_wrote_time": "Mar 2018", "contriNum": "292 contributions", "helpfulNum": "173 helpful votes", "currentRating": "3.0", "title": "Reasonably oriced", "content": "Stayed for one night and reception were  helpful and polite.  However our room was very small - we couldn’t walk past each other.  It was clean and there were tea and coffee making facilities in the room.  Only one bedside table and the lamp was not within reach.  There is a very good Thai restaurant round the corner - Pimlico Thai. Hotel reasonably priced for this area.", "time": " March 2018", "helpful_vote": 0, "polarity": 0.239, "keywords": "['tea', 'restaurant', 'bedside', 'hotel', 'polite']", "matchKeywords": ["tea", "restaurant", "hotel", "polite"], "categories": ["facility", "food", "emotional_descriptions"], "userImg": "user-img.png"}, {"user_name": "ilariolombardi", "user_wrote_time": "Feb 2018", "contriNum": "1 contribution", "helpfulNum": "0", "currentRating": "4.0", "title": "Pleasant stay", "content": "Friendly and supporting staff. Easy access to tourist sights. Bus to city centre opposite the hotel. Comfort and cleanliness. Located in a quiet street. Large selection of buffet breakfast. I recommend it.", "time": " February 2018", "helpful_vote": 0, "polarity": 0.509, "keywords": "['breakfast', 'bus', 'buffet', 'cleanliness', 'hotel']", "matchKeywords": ["breakfast", "bus", "buffet", "cleanliness", "hotel"], "categories": ["food", "facility", "emotional_descriptions"], "userImg": "user-img.png"}, {"user_name": "Michael R", "user_wrote_time": "Feb 2018", "contriNum": "5 contributions", "helpfulNum": "0", "currentRating": "4.0", "title": "Good little break", "content": "Good little hotel, staff really friendly & went through the information all formal too. Room all clean & tidy, good view of the road & ideal spot for buses too. Bed was really comfy & clean. Really comfortable & highly recommend to stay.", "time": " February 2018", "helpful_vote": 0, "polarity": 0.581, "keywords": "['comfortable', 'comfy', 'hotel', 'clean', 'formal']", "matchKeywords": ["comfortable", "comfy", "hotel", "clean"], "categories": ["emotional_descriptions", "facility"], "userImg": "user-img.png"}, {"user_name": "aanda2015", "user_wrote_time": "Jan 2018", "contriNum": "3 contributions", "helpfulNum": "1 helpful vote", "currentRating": "4.0", "title": "Theatre trip by coach", "content": "An excellent location if arriving at Victoria coach station then wanting to travel to West End theatres. A 10 minute walk from arrival with bus stop right outside for an average of 20 minute ride to Trafalgar Square. Also nice local feel in restaurants and pubs nearby for pre theatre dinner and drinks.   Lovely staff and happy to help", "time": " January 2018", "helpful_vote": 0, "polarity": 0.562, "keywords": "['restaurants', 'dinner', 'pubs', 'theatre', 'theatres']", "matchKeywords": ["restaurants", "dinner", "pubs", "theatre"], "categories": ["facility", "food", "surrounding_environment"], "userImg": "user-img.png"}, {"user_name": "Alessio R", "user_wrote_time": "Jan 2018", "contriNum": "2 contributions", "helpfulNum": "1 helpful vote", "currentRating": "4.0", "title": "Simple but Nice", "content": "Close to Victoria station, Reception 24h, no lifts but they are available to help bringing the luggage, they offered us the breakfast, lots of restaurants nearby, small room but with everything needed!", "time": " January 2018", "helpful_vote": 0, "polarity": -0.292, "keywords": "['breakfast', 'restaurants', 'luggage', 'lifts', 'help']", "matchKeywords": ["breakfast", "restaurants", "luggage"], "categories": ["food", "facility", "service"], "userImg": "user-img.png"}, {"user_name": "businessvisitor2018", "user_wrote_time": "Jan 2018", "contriNum": "1 helpful vote", "helpfulNum": "0", "currentRating": "4.0", "title": "Clean, comfortable and convenient", "content": "My room was clean, comfortable and larger than normal three star rooms in the area.  The reception staff were friendly and inviting and the hotel is conveniently located for visitors to London.  I would highly recommend staying here.", "time": " January 2018", "helpful_vote": 0, "polarity": 0.999, "keywords": "['hotel', 'comfortable', 'inviting', 'london', 'clean']", "matchKeywords": ["hotel", "comfortable", "london", "clean"], "categories": ["emotional_descriptions", "facility", "loation_surroundings"], "userImg": "user-img.png"}, {"user_name": "GORDON S", "user_wrote_time": "Jan 2018", "contriNum": "20 contributions", "helpfulNum": "4 helpful votes", "currentRating": "5.0", "title": "Handy Victor", "content": "More than satisfied, room well serviced, reception staff excellent. Close enough to. Victoria Coach Station, excellent Italian restaurant within 2mins.,friendly popular pub within 4mins.Would certainly consider using the Victor again", "time": " January 2018", "helpful_vote": 0, "polarity": 0.974, "keywords": "['restaurant', 'italian', 'pub', 'popular', 'satisfied']", "matchKeywords": ["restaurant", "pub", "satisfied"], "categories": ["facility", "emotional_descriptions"], "userImg": "user-img.png"}, {"user_name": "Louise C", "user_wrote_time": "Jan 2018", "contriNum": "51 contributions", "helpfulNum": "11 helpful votes", "currentRating": "5.0", "title": "School reunion", "content": "As we had a school governors AGM in London and we were flying in from everywhere (literally) we wanted a cheap, clean, safe hotel near sloan square.  This was it.  Great price and lovely staff and were happy to accommodate us when ever they could.  ", "time": " March 2017", "helpful_vote": 0, "polarity": 0.46, "keywords": "['hotel', 'happy', 'london', 'clean', 'cheap']", "matchKeywords": ["hotel", "happy", "london", "clean", "cheap"], "categories": ["emotional_descriptions", "facility", "loation_surroundings"], "userImg": "user-img.png"}, {"user_name": "pmarteczka", "user_wrote_time": "Jan 2018", "contriNum": "84 contributions", "helpfulNum": "10 helpful votes", "currentRating": "5.0", "title": "All as should be and expected.", "content": "Came for 2 nights only for business trip to London. The hotel is easily accessible from 2 underground stations: Victoria & Pimlico - max. 10 min walk from each (approx. 15-20 min walk from Big Ben) and for those who don't want to walk too much bus stop is in front of the door. The Stuff is amazingly warm welcoming, helpful and very friendly. Because of my early arrival not only I could left my luggage at the hotel and not carry it to the office, but I also got a coffee and could warm up and take a five in the dining room (Thank you for that!). Room was clean, small and cute (typical British ;) ). Definitely meet my expectations as well as the standard of the price (which was great, especially if you take location into consideration). Breakfast was very good, plenty to choose", "time": " January 2018", "helpful_vote": 0, "polarity": 0.336, "keywords": "['pimlico', 'coffee', 'breakfast', 'london', 'hotel']", "matchKeywords": ["pimlico", "coffee", "breakfast", "london", "hotel"], "categories": ["food", "loation_surroundings", "facility"], "userImg": "user-img.png"}, {"user_name": "Thainá D", "user_wrote_time": "Jan 2018", "contriNum": "5 contributions", "helpfulNum": "0", "currentRating": "1.0", "title": "My worst choice ever", "content": "Breakfast fast area horrible, upstairs bathroom horrible, my room number 4 had the window open and courtains opened but I didn’t realized when I got in. The room was small and not great at all. From the 3 receptionist on the Brazillian was nice. I was so hungry and there was no kitchen restaurante close. The Brazillian receptionist gave me a number from the pizza guys that could deliver something for me.", "time": " January 2018", "helpful_vote": 0, "polarity": -0.397, "keywords": "['pizza', 'hungry', 'breakfast', 'kitchen', 'restaurante']", "matchKeywords": ["pizza", "breakfast", "kitchen"], "categories": ["food", "facility"], "userImg": "user-img.png"}]}